filename,species,individual,Name,temperature,date,preystartdist,timeprojstart,maxproj,timemaxproj,peakprojvel,timemaxprojvel,peakprojacc,timemaxprojacc,peakmmsprojpower,timemaxprojpower,maxlunge,timemaxlunge,peaklungevel,timemaxlungevel,peaklungeacc,timemmaxlungeacc,peakbmslungepower,timemaxlungepower,maxreach,timemaxreach,tonguestartdist
Pm 001 (05) 06-Aug-24_17-28-16_00573xypts.csv,Pm,1,Pm1,5,6-Aug-24,12.20503145,0.208333333,6.759706369,0.278,0.278,0.223333333,408,0.208666667,12.1846206,0.210333333,8.567172068,0.270666667,0.067,0.256666667,5.85,0.178666667,0.27825,0.252,15.29443511,0.271666667,10.14169013
Pm 001 (05) 06-Aug-24_17-32-05_00574xypts.csv,Pm,1,Pm1,5,6-Aug-24,14.58437247,0.102333333,6.674125042,0.187333333,0.321,0.129666667,474,0.102666667,19.363962,0.103333333,11.38373215,0.184666667,0.0759,0.119,7.35,0.112333333,0.387192,0.114333333,18.04553093,0.187333333,12.19491352
Pm 001 (05) 06-Aug-24_17-37-27_00575xypts.csv,Pm,1,Pm1,5,6-Aug-24,7.820487634,0.078666667,5.439538195,0.154666667,0.306,0.082,489,0.079,21.222078,0.080666667,7.184885673,0.178333333,0.0301,0.129666667,1.347,0.050333333,0.0178605,0.052666667,12.15653864,0.156,6.293591662
Pm 001 (05) 06-Aug-24_17-50-28_00577xypts.csv,Pm,1,Pm1,5,6-Aug-24,12.72840164,0.058333333,6.835609682,0.126333333,0.181,0.061,354,0.058666667,7.9986243,0.059,6.526516726,0.169,0.0283,0.093333333,1.137,0.065,0.016956,0.066666667,12.43384705,0.139,11.66244875
Pm 001 (10) 23-Sep-24_18_27_21_00658xypts.csv,Pm,1,Pm1,10,23-Sep-24,11.59253565,0.161,6.413231792,0.238333333,0.183,0.163,327,0.161333333,14.000688,0.194333333,8.164393519,0.231,0.0437,0.187333333,1.38,0.173666667,0.0473124,0.176,14.53390397,0.238333333,8.627456103
Pm 001 (10) 23-Sep-24_18-24-26_00657xypts.csv,Pm,1,Pm1,10,23-Sep-24,8.149051182,0.275333333,6.584563296,0.349333333,0.24,0.277,240.9,0.275666667,12.8120256,0.275666667,4.802009331,0.359333333,0.0424,0.330666667,3.66,0.293333333,0.062604,0.325666667,11.21242544,0.349666667,8.286495648
Pm 001 (10) 23-Sep-24_18-30-02_00659xypts.csv,Pm,1,Pm1,10,23-Sep-24,9.423366842,0.137,5.845027635,0.216666667,0.224,0.141333333,259.8,0.147666667,9.5889921,0.14,8.949764274,0.223333333,0.049,0.190333333,1.533,0.253666667,0.0522732,0.231333333,14.76503146,0.216666667,7.209651704
Pm 001 (10) 23-Sep-24_18-32-16_00660xypts.csv,Pm,1,Pm1,10,23-Sep-24,15.04898955,0.091666667,6.970664056,0.17,0.224,0.093,384,0.092,17.01888,0.092,17.49285508,0.213333333,0.0991,0.155,6.54,0.115666667,0.295665,0.148666667,22.38623617,0.201333333,14.6123272
Pm 001 (15) 14-Oct-24_18-58-21_00762xypts.csv,Pm,1,Pm1,15,14-Oct-24,19.32327598,0.046666667,6.968426441,0.101,0.22,0.078333333,235.2,0.047,8.0538858,0.077,13.00343509,0.105333333,0.0731,0.070333333,2.112,0.021666667,0.086496,0.064333333,19.93863622,0.101666667,15.4739171
Pm 001 (15) 14-Oct-24_19-03-31_00764xypts.csv,Pm,1,Pm1,15,14-Oct-24,17.62164118,0.175333333,7.236027327,0.239666667,0.235,0.179666667,278.7,0.177666667,11.383038,0.178333333,9.35123754,0.243333333,0.0468,0.199,2.514,0.281666667,0.04029,0.192,16.56184935,0.24,14.5885598
Pm 001 (15) 14-Oct-24_19-10-57_00766xypts.csv,Pm,1,Pm1,15,14-Oct-24,15.27575467,0.102666667,6.506608908,0.152666667,0.267,0.107,378,0.103666667,14.0567805,0.105,10.74498986,0.154,0.072,0.123333333,2.13,0.182666667,0.114432,0.116333333,17.24875733,0.153,11.49562183
Pm 001 (15) 15-Jul-24_17-41-32_00447xypts.csv,Pm,1,Pm1,15,15-Jul-24,11.44040155,0.369666667,6.112493242,0.421333333,0.312,0.379333333,250.2,0.37,13.396551,0.377666667,7.551650317,0.428,0.0622,0.399,3.9,0.445666667,0.1167408,0.392333333,13.52664015,0.422333333,10.68764127
Pm 001 (15) 15-Jul-24_17-48-35_00450xypts.csv,Pm,1,Pm1,15,15-Jul-24,14.3617639,0.025,6.31140549,0.080666667,0.207,0.026333333,306,0.025333333,13.307634,0.025333333,9.071394337,0.074666667,0.0581,0.043666667,3.15,0.004333333,0.0992592,0.009,15.32095019,0.080333333,11.56994885
Pm 001 (20) 08-Jul-24_18_17_06_00391xypts.csv,Pm,1,Pm1,20,8-Jul-24,12.08574619,0.020666667,6.317896974,0.069666667,0.246,0.023666667,351,0.021,12.0905514,0.022,7.320424864,0.095333333,0.0394,0.048666667,3.69,0.000666667,0.08757,0.003333333,13.29934728,0.070333333,10.28209853
Pm 001 (20) 08-Jul-24_18-19-48_00392xypts.csv,Pm,1,Pm1,20,8-Jul-24,11.73593785,0.051333333,6.907031681,0.101333333,0.375,0.055666667,612,0.052333333,28.150125,0.054,7.688871425,0.117,0.0514,0.075666667,3.03,0.011666667,0.0572832,0.065333333,14.46232248,0.101,9.805579355
Pm 001 (20) 08-Jul-24_18-22-07_00393xypts.csv,Pm,1,Pm1,20,8-Jul-24,10.22117299,0.091666667,5.52190375,0.124666667,0.355,0.114333333,285.9,0.092,16.2969072,0.112333333,6.724730461,0.139666667,0.0467,0.104333333,2.088,0.07,0.0578976,0.072333333,11.99195011,0.131333333,7.556790987
Pm 001 (20) 08-Jul-24_18-26-04_00394xypts.csv,Pm,1,Pm1,20,8-Jul-24,13.45286843,0.146,6.768611245,0.191666667,0.304,0.153,199.2,0.146333333,10.2282804,0.151666667,8.710815823,0.203,0.0474,0.172333333,1.509,0.219,0.041499,0.166333333,15.20239129,0.192333333,9.968693
Pm 001 (25) 22-Jul-24_18_06_51_00513xypts.csv,Pm,1,Pm1,25,22-Jul-24,8.258935035,0.013,6.60209725,0.051333333,0.297,0.017,411,0.013333333,15.1514568,0.015,4.740299145,0.061,0.0376,0.029,2.394,0.000333333,0.040602,0.003,11.14158058,0.051666667,7.346672765
Pm 001 (25) 22-Jul-24_18_08_37_00514xypts.csv,Pm,1,Pm1,25,22-Jul-24,17.68845781,0.312,8.46412525,0.357333333,0.353,0.342333333,654,0.312333333,25.259076,0.313,8.124801948,0.356,0.0624,0.327333333,2.364,0.297666667,0.0757185,0.301333333,16.5849837,0.357,16.87426458
Pm 001 (25) 22-Jul-24_18-02-55_00511xypts.csv,Pm,1,Pm1,25,22-Jul-24,13.70504354,0.023333333,6.537858826,0.062666667,0.339,0.028666667,429,0.025666667,21.034272,0.026666667,7.109143282,0.077333333,0.0531,0.046666667,2.457,0.002666667,0.0839157,0.038333333,13.05619998,0.065333333,12.27958816
Pm 001 (25) 22-Jul-24_18-04-47_00512xypts.csv,Pm,1,Pm1,25,22-Jul-24,11.14368293,0.034333333,7.144210734,0.07,0.5,0.038,885,0.034666667,54.27261,0.036333333,5.172963203,0.073,0.0394,0.044,2.16,0.09,0.0472464,0.081666667,12.29407144,0.07,9.075471065
Pm 001 (25) 22-Jul-24_18-08-37_00514xypts.csv,Pm,1,Pm1,25,22-Jul-24,18.42178535,0.738,7.365729757,0.787,0.329,0.752,582,0.738333333,19.315764,0.771333333,8.210825659,0.782,0.0622,0.753,2.622,0.523333333,0.075117,0.728,15.53055665,0.786,16.74437742
Pm 001 (25) 22-Jul-24_18-10-09_00515xypts.csv,Pm,1,Pm1,25,22-Jul-24,18.08067121,0.034,7.44718221,0.077333333,0.257,0.037666667,429,0.035333333,16.15464,0.036333333,8.149098495,0.082,0.0599,0.048,3.18,0.109666667,0.0882954,0.038666667,15.54868008,0.078,15.91435315
Pm 002 (10) 07-Aug-24_17-29-20_00593xypts.csv,Pm,2,Pm2,10,7-Aug-24,19.46957645,0.089666667,5.672481405,0.158333333,0.234,0.1,366,0.091666667,9.5889921,0.098333333,15.49074698,0.159,0.0779,0.122666667,1.779,0.084333333,0.0824004,0.087,21.16226231,0.158333333,16.10984194
Pm 002 (10) 07-Aug-24_17-33-31_00594xypts.csv,Pm,2,Pm2,10,7-Aug-24,19.15712114,0.123666667,5.890172453,0.182666667,0.325,0.14,399,0.124,19.2100608,0.138666667,17.05186762,0.213333333,0.0771,0.160333333,2.166,0.15,0.1397115,0.151,22.82147854,0.207666667,16.12889386
Pm 002 (10) 07-Aug-24_17-36-09_00595xypts.csv,Pm,2,Pm2,10,7-Aug-24,4.119125462,0.015666667,4.177299503,0.048333333,0.273,0.026666667,191.1,0.016,9.0343827,0.024666667,2.259279107,0.069,0.0191,0.037,1.362,0.006333333,0.011421,0.030666667,6.043507751,0.049,3.472937304
Pm 002 (10) 07-Aug-24_17-38-23_00596xypts.csv,Pm,2,Pm2,10,7-Aug-24,17.3541593,0.076,6.088718034,0.141333333,0.219,0.096666667,423,0.076333333,7.4671998,0.095333333,12.39119328,0.147666667,0.0695,0.116666667,2.616,0.184333333,0.0632775,0.110333333,18.40599109,0.142333333,14.31753567
Pm 002 (10) 07-Aug-24_17-41-29_00597xypts.csv,Pm,2,Pm2,10,7-Aug-24,16.9564705,0.089333333,5.629564629,0.152333333,0.198,0.101666667,231.6,0.090333333,5.8076928,0.091333333,13.40443629,0.165,0.0575,0.114333333,4.14,0.063666667,0.124722,0.065666667,18.64836023,0.158333333,13.63432797
Pm 002 (15) 15-Jul-24_17-52-32_00452xypts.csv,Pm,2,Pm2,15,15-Jul-24,23.59606141,0.075333333,7.334951544,0.148,0.255,0.079,486,0.077,18.903588,0.078,16.69599021,0.131333333,0.084,0.097666667,2.001,0.158666667,0.0972804,0.057,23.54705286,0.147,18.26661257
Pm 002 (15) 15-Jul-24_18-01-02_00454xypts.csv,Pm,2,Pm2,15,15-Jul-24,19.2556342,0.182333333,6.009475453,0.222,0.23,0.215333333,336,0.185333333,9.0660438,0.182666667,10.27455986,0.225666667,0.0623,0.186,3.54,0.179666667,0.1764,0.181,16.24902918,0.222333333,16.11685399
Pm 002 (15) 15-Jul-24_18-03-12_00455xypts.csv,Pm,2,Pm2,15,15-Jul-24,4.544843487,0.106333333,4.483019789,0.134,0.197,0.113666667,118.8,0.129,14.6798643,0.137,2.753844882,0.137666667,0.0405,0.097666667,4.11,0.091333333,0.115497,0.093333333,7.192603234,0.134333333,2.843880011
Pm 002 (15) 15-Jul-24_18-07-04_00456xypts.csv,Pm,2,Pm2,15,15-Jul-24,6.50593517,0.234333333,3.582810495,0.270666667,0.268,0.239,324,0.236333333,14.1841728,0.237333333,3.828227329,0.281,0.0286,0.268666667,2.319,0.297333333,0.0394896,0.285333333,6.930887207,0.271666667,5.687769377
Pm 002 (15) 15-Jul-24_18-09-00_00457xypts.csv,Pm,2,Pm2,15,15-Jul-24,19.67635969,0.542666667,5.683367025,0.581333333,0.221,0.552333333,267.6,0.543666667,8.5245642,0.544666667,9.172224808,0.593,0.0646,0.565666667,1.836,0.502333333,0.0939084,0.558,14.49061291,0.583,14.83247989
Pm 002 (20) 08-Jul-24_18-29-58_00395xypts.csv,Pm,2,Pm2,20,8-Jul-24,18.33994059,0.021,7.229351444,0.074333333,0.301,0.045333333,1755,0.021333333,28.774206,0.022666667,11.1379965,0.082333333,0.071,0.012666667,5.4,0.004333333,0.269037,0.006666667,18.32123512,0.082,15.18085942
Pm 002 (20) 08-Jul-24_18-42-43_00397xypts.csv,Pm,2,Pm2,20,8-Jul-24,15.31575959,0.394333333,6.79926644,0.434666667,0.311,0.399333333,342,0.396666667,17.7440106,0.397666667,8.403754175,0.432333333,0.0703,0.411,4.29,0.463666667,0.1229334,0.404666667,15.19087131,0.434333333,12.48043409
Pm 002 (20) 08-Jul-24_18-45-02_00398xypts.csv,Pm,2,Pm2,20,8-Jul-24,11.61463459,0.182666667,6.169228926,0.224,0.369,0.201,429,0.184666667,25.61142,0.199333333,6.585564216,0.244,0.0362,0.191666667,1.518,0.163,0.0371778,0.165666667,12.58673733,0.224333333,8.668836405
Pm 002 (20) 08-Jul-24_18-47-47_00399xypts.csv,Pm,2,Pm2,20,8-Jul-24,6.593666038,0.036666667,4.022565606,0.060666667,0.305,0.04,795,0.037,32.87436,0.07,4.714992538,0.066666667,0.0445,0.052,1.983,0.079666667,0.0633681,0.047,8.544970511,0.062,4.978320642
Pm 002 (25) 22-Jul-24_18-22-58_00517xypts.csv,Pm,2,Pm2,25,22-Jul-24,9.006076809,0.075,5.348038205,0.113,0.28,0.084666667,327,0.077,9.3876408,0.092,5.403150674,0.136666667,0.0386,0.095666667,1.587,0.088333333,0.0504075,0.089333333,10.50910907,0.113333333,7.453361738
Pm 002 (25) 22-Jul-24_18-28-13_00519xypts.csv,Pm,2,Pm2,25,22-Jul-24,11.21313137,0.034333333,4.693022444,0.059666667,0.326,0.046,306,0.044,18.884475,0.062,8.430314033,0.059,0.111,0.028333333,7.14,0.020666667,0.587292,0.023,13.11925611,0.059666667,5.139395244
Pm 002 (25) 22-Jul-24_18-30-51_00520xypts.csv,Pm,2,Pm2,25,22-Jul-24,11.3295136,0.206666667,5.904848796,0.237666667,0.293,0.219333333,276,0.209,18.079236,0.24,9.866382959,0.266666667,0.0783,0.224666667,5.43,0.252666667,0.1798335,0.219333333,14.17942105,0.238333333,8.956146712
Pm 002 (25) 22-Jul-24_18-40-18_00523xypts.csv,Pm,2,Pm2,25,22-Jul-24,9.765054492,0.058666667,6.468232331,0.091666667,0.399,0.075333333,972,0.059,26.1435924,0.074,8.589142929,0.121666667,0.064,0.080333333,3.63,0.108666667,0.1384956,0.073,13.07422476,0.092333333,8.437348053
Pm 003 (05) 07-Oct-24_18-21-52_00727xypts.csv,Pm,3,Pm3,5,7-Oct-24,5.793526591,0.089,5.337425046,0.139666667,0.18,0.109333333,792,0.089333333,12.1169772,0.089666667,3.119673973,0.184,0.0507,0.146,5.94,0.139,0.196875,0.141333333,7.358850857,0.159333333,4.952353119
Pm 003 (05) 07-Oct-24_18-28-09_00729xypts.csv,Pm,3,Pm3,5,7-Oct-24,15.29659337,0.178,5.6157005,0.252333333,0.189,0.191333333,195.6,0.188666667,6.1532226,0.189333333,12.77324698,0.284666667,0.0429,0.222,1.044,0.183666667,0.0287361,0.208666667,17.68785354,0.279,12.849999
Pm 003 (05) 07-Oct-24_18-30-09_00730xypts.csv,Pm,3,Pm3,5,7-Oct-24,18.73589105,0.161,5.807499842,0.272666667,0.196,0.179666667,315,0.162666667,6.663789,0.163666667,17.01978772,0.343666667,0.0651,0.234,0.936,0.201,0.042687,0.203333333,22.65886437,0.273666667,18.22513575
Pm 003 (05) 07-Oct-24_18-34-36_00731xypts.csv,Pm,3,Pm3,5,7-Oct-24,7.922909515,0.150333333,5.629227682,0.245,0.204,0.169333333,249,0.167,8.6726484,0.168,4.390784843,0.264,0.0237,0.207,2.04,0.178666667,0.0181152,0.201333333,9.719620319,0.245333333,6.91989263
Pm 003 (05) 07-Oct-24_18-36-47_00732xypts.csv,Pm,3,Pm3,5,7-Oct-24,9.307860235,0.190666667,4.92270073,0.261333333,0.237,0.215333333,278.1,0.213,11.2987746,0.214,6.961276181,0.327666667,0.0306,0.242666667,2.856,0.197666667,0.0599256,0.199666667,10.96793379,0.285666667,9.2223241
Pm 003 (05) 12-Mar-25_16_52_10_01213xypts.csv,Pm,3,Pm3,5,12-Mar-25,16.67223627,0.112333333,1.916254776,0.134666667,0.175,0.124666667,142.2,0.113333333,4.720911,0.123,13.05210368,0.150666667,0.0628,0.115666667,2.769,0.067,0.1050852,0.070333333,14.5102801,0.143,7.686823334
Pm 003 (05) 12-Mar-25_16-57-35_01215xypts.csv,Pm,3,Pm3,5,12-Mar-25,10.78615278,0.029,4.813173038,0.100333333,0.15,0.047666667,158.4,0.045333333,4.1953035,0.046333333,7.79955038,0.143,0.054,0.108333333,4.83,0.101333333,0.189216,0.104,10.79566404,0.123,9.86856455
Pm 003 (05) 12-Mar-25_17-02-54_01217xypts.csv,Pm,3,Pm3,5,12-Mar-25,17.56138908,0.069666667,4.026914661,0.139666667,0.116,0.096,232.8,0.103,3.6504168,0.07,11.06161636,0.171,0.0469,0.092666667,4.26,0.037,0.100386,0.04,14.20929663,0.143333333,15.12538285
Pm 003 (05) 12-Mar-25_17-04-48_01218xypts.csv,Pm,3,Pm3,5,12-Mar-25,22.29066033,0.205333333,4.789392813,0.293333333,0.127,0.229,189,0.205666667,3.39905592,0.227333333,14.55454907,0.29,0.0573,0.252,3.45,0.157333333,0.0975918,0.247666667,19.32943093,0.293333333,18.80235138
Pm 003 (10) 07-Aug-24_17-55-05_00598xypts.csv,Pm,3,Pm3,10,7-Aug-24,13.34131876,0.061666667,5.55605737,0.111,0.266,0.070666667,426,0.062,10.2398313,0.078,10.07549467,0.118333333,0.0654,0.095,2.826,0.136333333,0.0853074,0.087,15.26957398,0.111666667,11.60966547
Pm 003 (10) 07-Aug-24_17-57-14_00599xypts.csv,Pm,3,Pm3,10,7-Aug-24,9.955225622,0.067666667,5.850766063,0.11,0.243,0.088666667,203.1,0.068,7.6181094,0.087,6.206940081,0.135333333,0.0472,0.102,3.93,0.056666667,0.104838,0.093666667,10.79054053,0.116333333,9.367783816
Pm 003 (10) 07-Aug-24_18_03_02_00601xypts.csv,Pm,3,Pm3,10,7-Aug-24,5.695026596,0.055666667,3.769421586,0.101,0.156,0.067,173.4,0.058666667,3.884925,0.065666667,4.479536056,0.131666667,0.0295,0.092333333,1.32,0.037666667,0.0184965,0.078,7.430290053,0.103,4.9117427
Pm 003 (10) 07-Aug-24_18_05_13_00602xypts.csv,Pm,3,Pm3,10,7-Aug-24,11.84991761,0.051666667,4.510692922,0.106,0.195,0.061,262.8,0.053666667,6.3972042,0.054666667,9.105085326,0.117666667,0.0599,0.086,3.42,0.151,0.1071105,0.078333333,13.25017499,0.107666667,10.49024388
Pm 003 (15) 14-Mar-25_19-42-48_01247xypts.csv,Pm,3,Pm3,15,14-Mar-25,5.326042414,0.031,2.078595223,0.055333333,0.293,0.052666667,408,0.050666667,19.317426,0.051333333,7.411739783,0.083333333,0.0512,0.041666667,2.427,0.000666667,0.0684648,0.034666667,8.675100461,0.075,3.087004847
Pm 003 (15) 15-Jul-24_18-33-01_00462xypts.csv,Pm,3,Pm3,15,15-Jul-24,15.52784823,0.438333333,5.190079496,0.482333333,0.435,0.468,621,0.466,42.999264,0.466666667,16.91586097,0.519333333,0.0865,0.466,1.941,0.442,0.1270431,0.443333333,21.61759632,0.494333333,10.98342393
Pm 003 (15) 15-Jul-24_18-36-44_00463xypts.csv,Pm,3,Pm3,15,15-Jul-24,5.743272098,0.064,4.218787464,0.102,0.273,0.079333333,283.5,0.068333333,9.7227,0.078,2.021954962,0.126666667,0.0243,0.086333333,2.97,0.037333333,0.0416556,0.080666667,5.806758188,0.102333333,5.646433016
Pm 003 (20) 05-Mar-25_18_23_52_01164xypts.csv,Pm,3,Pm3,20,5-Mar-25,11.79904188,0.040333333,3.371492366,0.084333333,0.19,0.045333333,450,0.043333333,12.1326,0.044333333,7.349560194,0.081333333,0.0585,0.061,1.98,0.051,0.0929196,0.052666667,10.70459006,0.084,9.275641944
Pm 003 (20) 05-Mar-25_18_26_39_01165xypts.csv,Pm,3,Pm3,20,5-Mar-25,5.054393943,0.044333333,3.563543272,0.071333333,0.248,0.058333333,140.4,0.066333333,3.7265364,0.056333333,3.00349298,0.099,0.0313,0.059,2.235,0.04,0.0419328,0.042,6.414855549,0.072,4.565524806
Pm 003 (20) 05-Mar-25_18_28_35_01166xypts.csv,Pm,3,Pm3,20,5-Mar-25,15.05723407,0.501333333,3.430759452,0.541,0.167,0.533,315,0.503,7.583706,0.503666667,13.19241909,0.558333333,0.0667,0.527,1.551,0.501,0.0766314,0.520666667,15.98400243,0.553333333,10.01735025
Pm 003 (20) 05-Mar-25_18-19-46_01162xypts.csv,Pm,3,Pm3,20,5-Mar-25,15.22645897,0.030666667,5.70865081,0.087333333,0.201,0.063666667,293.4,0.061666667,9.8763519,0.062666667,11.98041434,0.086666667,0.0788,0.054333333,2.739,0.034666667,0.1384128,0.036666667,17.68709091,0.087333333,13.24137268
Pm 003 (20) 05-Mar-25_18-21-51_01163xypts.csv,Pm,3,Pm3,20,5-Mar-25,12.84796632,0.119666667,4.243653033,0.159333333,0.195,0.121666667,489,0.12,13.482144,0.153,7.407064182,0.175,0.0476,0.144,1.428,0.203,0.0455712,0.133666667,11.42845547,0.174333333,11.37685841
Pm 003 (20) 08-Jul-24_18_51_44_00400xypts.csv,Pm,3,Pm3,20,8-Jul-24,13.7671252,0.232333333,5.280553163,0.271,0.198,0.236333333,324,0.232666667,7.460718,0.234333333,9.815152256,0.278,0.0575,0.249666667,2.136,0.216,0.080784,0.218,15.00293124,0.271666667,9.355828086
Pm 003 (20) 08-Jul-24_18-57-33_00401xypts.csv,Pm,3,Pm3,20,8-Jul-24,6.374239776,0.207666667,3.962178183,0.239666667,0.292,0.214,208.8,0.208,9.4198005,0.212,5.445560317,0.249666667,0.0712,0.207333333,4.47,0.287666667,0.218115,0.200666667,9.357700077,0.24,6.117199408
Pm 003 (25) 19-Mar-25_16_58_57_01263xypts.csv,Pm,3,Pm3,25,19-Mar-25,21.64311494,0.088,3.611308929,0.129,0.145,0.094,237.3,0.116333333,3.8464497,0.092333333,14.45342602,0.142333333,0.094,0.108666667,15.66,0.043,0.38346,0.103,17.68900151,0.139333333,16.34193733
Pm 003 (25) 22-Jul-24_18-51-09_00525xypts.csv,Pm,3,Pm3,25,22-Jul-24,21.11911926,0.393666667,6.196453637,0.425333333,0.28,0.396666667,516,0.394,17.460972,0.395333333,19.9249244,0.425666667,0.059,0.412,6.03,0.457,0.085995,0.408,26.12014263,0.425666667,8.974594004
Pm 003 (25) 22-Jul-24_18-54-43_00527xypts.csv,Pm,3,Pm3,25,22-Jul-24,12.03408834,0.247666667,4.128827849,0.269,0.319,0.249333333,471,0.248,33.861588,0.28,7.886996648,0.282333333,0.0729,0.260333333,2.742,0.23,0.1505424,0.254,11.77989432,0.277333333,7.924475494
Pm 003 (25) 24-Mar-25_22_48_19_01317xypts.csv,Pm,3,Pm3,25,24-Mar-25,12.65759823,0.064,4.943457373,0.113666667,0.267,0.092,363,0.064333333,11.2604655,0.090333333,10.96901054,0.147,0.0521,0.079333333,1.386,0.026333333,0.05772,0.074333333,14.3809577,0.115,9.143562761
Pm 003 (25) 24-Mar-25_22_50_47_01318xypts.csv,Pm,3,Pm3,25,24-Mar-25,4.951684302,0.067,3.164702853,0.100666667,0.169,0.077,108.6,0.067333333,2.6913597,0.075,6.539198079,0.106,0.0428,0.055666667,2.544,0.045,0.0753972,0.048333333,9.593139156,0.101666667,2.46970287
Pm 003 (25) 24-Mar-25_22_53_59_01319xypts.csv,Pm,3,Pm3,25,24-Mar-25,16.69454466,0.058333333,3.964554038,0.104,0.166,0.067333333,141,0.058666667,2.9063394,0.065333333,9.769856234,0.119333333,0.066,0.075666667,2.148,0.050333333,0.0959769,0.052,13.63215898,0.107,13.92998591
Pm 003 (25) 24-Mar-25_22-45-06_01316xypts.csv,Pm,3,Pm3,25,24-Mar-25,13.6467099,0.04,4.693009146,0.092,0.165,0.056666667,375,0.073333333,6.746889,0.043,11.69700351,0.114,0.0569,0.072666667,1.71,0.024333333,0.0529482,0.054333333,15.52583711,0.103666667,11.40017441
Pm 003 (25) 24-Mar-25_23-00-33_01321xypts.csv,Pm,3,Pm3,25,24-Mar-25,18.27340548,0.071,4.698177658,0.112666667,0.181,0.088,357,0.071333333,5.6901894,0.086666667,13.2292064,0.151,0.0756,0.063666667,3.27,0.024333333,0.1463868,0.054666667,17.48915508,0.122666667,10.28820272
Pm 004 (10) 07-Aug-24_18-19-00_00603xypts.csv,Pm,4,Pm4,10,7-Aug-24,5.326998779,0.071333333,1.989562632,0.1,0.216,0.077333333,180.3,0.091333333,7.8514542,0.076,2.675561382,0.105,0.023,0.076,2.322,0.043,0.014763,0.067333333,4.621957574,0.100333333,3.952116201
Pm 004 (10) 07-Aug-24_18-25-36_00604xypts.csv,Pm,4,Pm4,10,7-Aug-24,13.3877857,0.14,6.086001134,0.211666667,0.168,0.152666667,166.2,0.173333333,3.9720969,0.160666667,9.89216262,0.310333333,0.038,0.181666667,1.455,0.149,0.0357417,0.151333333,14.50367191,0.215,11.9210403
Pm 004 (10) 07-Aug-24_18-41-11_00605xypts.csv,Pm,4,Pm4,10,7-Aug-24,15.83531206,0.061,5.285112892,0.135,0.185,0.083666667,204.3,0.062666667,6.2600892,0.082333333,9.731163156,0.148666667,0.0423,0.096666667,1.05,0.054666667,0.0210516,0.075,14.83958224,0.149,13.95594023
Pm 004 (10) 07-Aug-24_18-42-54_00606xypts.csv,Pm,4,Pm4,10,7-Aug-24,20.15457462,0.179333333,3.899514174,0.250666667,0.145,0.207666667,264.6,0.179666667,4.7222406,0.18,18.30470794,0.271333333,0.0732,0.221666667,1.902,0.183,0.0891594,0.183666667,21.52512546,0.258333333,15.34011751
Pm 004 (15) 15-Jul-24_18_54_16_00468xypts.csv,Pm,4,Pm4,15,15-Jul-24,15.13982109,0.049666667,5.088801634,0.114,0.203,0.065,155.7,0.073666667,5.2597314,0.074333333,11.51116209,0.110666667,0.0743,0.073333333,1.866,0.062,0.11574,0.065,16.59062526,0.113666667,12.41648608
Pm 004 (15) 15-Jul-24_18-50-44_00466xypts.csv,Pm,4,Pm4,15,15-Jul-24,10.7272681,0.037,6.015620789,0.091,0.234,0.046,209.4,0.070333333,4.4874,0.039,7.210633255,0.097333333,0.108,0.060333333,11.37,0.041333333,0.671058,0.056,13.11498566,0.091666667,10.84499693
Pm 004 (15) 15-Jul-24_18-52-34_00467xypts.csv,Pm,4,Pm4,15,15-Jul-24,25.33443347,0.56,6.252659516,0.612,0.188,0.579,327,0.560333333,7.7331198,0.569333333,28.46039707,0.63,0.113,0.59,2.319,0.686333333,0.1844262,0.555333333,34.35691846,0.631,19.11798726
Pm 004 (20) 08-Jul-24_19-15-35_00406xypts.csv,Pm,4,Pm4,20,8-Jul-24,18.39854445,0.049666667,5.333789537,0.107,0.266,0.054333333,438,0.052,17.291448,0.053,20.51503051,0.116,0.0925,0.054,3.03,0.029333333,0.2079,0.030333333,25.58074878,0.108666667,13.55514252
Pm 004 (20) 08-Jul-24_19-19-01_00407xypts.csv,Pm,4,Pm4,20,8-Jul-24,15.80138809,0.042666667,4.975580195,0.089333333,0.284,0.046,498,0.043,15.862959,0.044,11.4881457,0.095333333,0.0661,0.059333333,1.869,0.007666667,0.0634311,0.046,16.34809502,0.089666667,11.36242969
Pm 004 (20) 08-Jul-24_19-21-57_00405xypts.csv,Pm,4,Pm4,20,8-Jul-24,11.2073673,0.150666667,4.148103383,0.183333333,0.275,0.155333333,393,0.152666667,16.30422,0.153666667,15.21281432,0.213333333,0.0941,0.167666667,2.403,0.160666667,0.200976,0.161666667,16.93825403,0.192333333,6.587784818
Pm 004 (20) 08-Jul-24_19-21-57_00408xypts.csv,Pm,4,Pm4,20,8-Jul-24,33.67841803,0.026666667,7.042501604,0.117333333,0.392,0.047666667,630,0.06,34.075155,0.046333333,18.51174969,0.095666667,0.0954,0.047333333,5.37,0.000666667,0.205662,0.004333333,25.2673513,0.117333333,29.18610991
Pm 004 (20) 08-Jul-24_19-24-04_00409xypts.csv,Pm,4,Pm4,20,8-Jul-24,17.14353096,0.074333333,6.098832973,0.130333333,0.235,0.106333333,303,0.104,11.7405342,0.105,16.72114335,0.132333333,0.0824,0.100666667,2.367,0.052,0.1087809,0.053666667,22.8122734,0.130666667,11.49772701
Pm 004 (25) 22-Jul-24_19_07_13_00529xypts.csv,Pm,4,Pm4,25,22-Jul-24,18.38376304,0.083,5.217917968,0.129,0.269,0.087333333,435,0.083666667,15.1643373,0.085666667,20.26887764,0.160333333,0.0938,0.106333333,2.745,0.051333333,0.1660068,0.069,23.85093979,0.132333333,12.02047333
Pm 004 (25) 22-Jul-24_19-09-04_00530xypts.csv,Pm,4,Pm4,25,22-Jul-24,3.378760317,0.065,2.770990849,0.08,0.241,0.072333333,366,0.069333333,12.6956025,0.070666667,3.084923114,0.104,0.0205,0.055333333,1.734,0.049,0.025632,0.050666667,5.122367266,0.080666667,1.917528331
Pm 004 (25) 22-Jul-24_19-10-30_00531xypts.csv,Pm,4,Pm4,25,22-Jul-24,4.748194305,0.014,2.404943418,0.025333333,0.17,0.018333333,253.5,0.015333333,6.125301,0.017,2.811089956,0.036666667,0.0408,0.012333333,3.45,0.002,0.088434,0.005333333,4.945938343,0.028666667,3.541549584
Pm 004 (25) 22-Jul-24_19-12-21_00532xypts.csv,Pm,4,Pm4,25,22-Jul-24,13.52856883,0.289,6.183908789,0.333,0.216,0.305333333,348,0.289333333,7.5406602,0.322333333,4.04599957,0.255,0.0152,0.306333333,2.43,0.3,0.0323712,0.267666667,9.330774768,0.333333333,9.373636427
pm 005 (05) 06-Aug-24_18-23-22_00582xypts.csv,Pm,5,Pm5,5,6-Aug-24,7.954275289,0.039666667,3.825014979,0.080333333,0.274,0.043333333,603,0.041333333,22.0215,0.042333333,6.341992732,0.095666667,0.0472,0.071666667,3.45,0.135333333,0.106974,0.125,10.06454293,0.098,6.77140949
Pm 005 (05) 26-Mar-25_16_56_13_01326xypts.csv,Pm,5,Pm5,5,26-Mar-25,7.244014063,0.081333333,3.203432934,0.139666667,0.0959,0.094333333,54.3,0.092,1.10848752,0.092666667,5.334624391,0.151333333,0.025,0.127666667,1.2,0.042333333,0.01683,0.118666667,8.47435635,0.147333333,5.677803272
Pm 005 (05) 26-Mar-25_16-50-20_01324xypts.csv,Pm,5,Pm5,5,26-Mar-25,7.571236465,0.026,3.472204131,0.083,0.228,0.058,235.2,0.026333333,9.1862064,0.026333333,5.725589625,0.153,0.0296,0.065333333,1.332,0.002666667,0.024327,0.059,8.315350884,0.100333333,6.680628314
Pm 005 (05) 26-Mar-25_16-53-12_01325xypts.csv,Pm,5,Pm5,5,26-Mar-25,6.823936402,0.015333333,3.379305572,0.081333333,0.133,0.020666667,169.8,0.018,3.6011385,0.019,3.77521318,0.126,0.0293,0.061666667,1.08,0.117666667,0.0241629,0.053333333,6.768615529,0.081666667,6.752567496
Pm 005 (05) 30-Jul-24_17-53-27_00558xypts.csv,Pm,5,Pm5,5,30-Jul-24,6.866723059,0.016666667,4.991405135,0.08,0.208,0.02,366,0.017333333,10.9288965,0.018666667,7.157232966,0.101333333,0.0435,0.052333333,2.964,0.046,0.099546,0.047333333,11.59748158,0.093666667,6.33561718
Pm 005 (05) 30-Jul-24_17-57-18_00559xypts.csv,Pm,5,Pm5,5,30-Jul-24,11.99889925,0.052666667,4.87143119,0.135666667,0.223,0.056,471,0.053,11.2570584,0.054666667,10.03196426,0.124666667,0.0605,0.103333333,8.34,0.033,0.151632,0.034666667,14.6203991,0.128333333,10.53972677
Pm 005 (05) 30-Jul-24_17-59-33_00560xypts.csv,Pm,5,Pm5,5,30-Jul-24,11.73205724,0.123666667,5.487297831,0.189666667,0.209,0.138,342,0.124,9.7080744,0.124333333,9.812259019,0.235666667,0.0494,0.173666667,2.019,0.104666667,0.0524796,0.165333333,14.22282222,0.199333333,10.31208101
Pm 005 (10) 17-Sep-24_19-02-26_00632xypts.csv,Pm,5,Pm5,10,17-Sep-24,10.69263421,0.049,4.578402468,0.115,0.215,0.053666667,192.9,0.049333333,6.0250824,0.051,8.435882363,0.109,0.0576,0.089333333,2.892,0.066333333,0.103062,0.068666667,12.90358065,0.114,8.426827951
Pm 005 (10) 17-Sep-24_19-09-05_00633xypts.csv,Pm,5,Pm5,10,17-Sep-24,6.534723088,0.092,4.631828993,0.141,0.171,0.096,153.9,0.093333333,4.6737102,0.094,3.25472626,0.162666667,0.0237,0.123333333,1.656,0.067,0.0194025,0.117333333,7.777498495,0.141333333,5.573499268
Pm 005 (10) 17-Sep-24_19-11-20_00634xypts.csv,Pm,5,Pm5,10,17-Sep-24,5.139045051,0.011333333,3.798970018,0.059,0.214,0.015,327,0.012333333,10.5139782,0.013666667,2.30303361,0.083666667,0.0162,0.045,0.927,0.097333333,0.0062061,0.041333333,5.835801128,0.066333333,4.897459891
Pm 005 (10) 17-Sep-24_19-19-16_00635xypts.csv,Pm,5,Pm5,10,17-Sep-24,8.030805214,0.030666667,4.529550308,0.091,0.148,0.043,191.1,0.031333333,4.2088488,0.041333333,6.268029735,0.090666667,0.0468,0.074666667,14.85,0.018,0.13563,0.022333333,10.79752532,0.091,6.922560551
Pm 005 (15) 05-Mar-25_19_18_29_01172xypts.csv,Pm,5,Pm5,15,5-Mar-25,9.170842979,0.012333333,3.845133397,0.07,0.193,0.016,483,0.014,12.923712,0.015,5.722789269,0.084333333,0.0429,0.036666667,4.14,0.117666667,0.091908,0.092333333,9.445231196,0.070333333,8.546170096
Pm 005 (15) 05-Mar-25_19_21_00_01173xypts.csv,Pm,5,Pm5,15,5-Mar-25,9.84150364,0.074333333,2.5860277,0.117,0.152,0.105666667,672,0.074666667,3.250872,0.104,8.208819773,0.114,0.0632,0.071666667,3.3,0.064666667,0.169809,0.066333333,10.78817683,0.115666667,6.299451836
Pm 005 (15) 05-Mar-25_19-18-29_01172xypts.csv,Pm,5,Pm5,15,5-Mar-25,8.562131389,0.012333333,3.845133397,0.07,0.193,0.016,483,0.014,12.923712,0.015,5.722789269,0.084333333,0.0429,0.036666667,4.14,0.117666667,0.091908,0.092333333,9.445231196,0.070333333,NaN
Pm 005 (15) 05-Mar-25_19-24-00_01174xypts.csv,Pm,5,Pm5,15,5-Mar-25,6.88967711,0.019,3.155083237,0.058666667,0.198,0.023,210,0.020333333,6.9804,0.021333333,5.446152902,0.071,0.0404,0.046333333,3.42,0.109666667,0.0683082,0.096,8.559743446,0.068666667,5.855579494
Pm 005 (15) 07-Oct-24_17_47_31_00723xypts.csv,Pm,5,Pm5,15,7-Oct-24,8.153066885,0.067,3.670780501,0.1,0.163,0.093666667,171.6,0.069333333,4.0114032,0.070666667,8.174190195,0.106,0.0781,0.084666667,4.2,0.076666667,0.250971,0.078333333,11.69034747,0.101333333,5.761027788
Pm 005 (15) 15-Jul-24_18-57-11_00469xypts.csv,Pm,5,Pm5,15,15-Jul-24,22.43950987,0.042333333,6.059555723,0.109,0.18,0.071666667,230.1,0.043333333,7.0185429,0.044333333,18.63781899,0.103,0.0919,0.057666667,3.12,0.000333333,0.1109376,0.050333333,24.60784192,0.105666667,15.75095469
Pm 005 (15) 15-Jul-24_19-15-29_00472xypts.csv,Pm,5,Pm5,15,15-Jul-24,14.45547714,0.241,4.463617276,0.282666667,0.183,0.261,339,0.241333333,5.03586,0.242333333,12.18716192,0.292333333,0.0733,0.263666667,3.81,0.324,0.1294731,0.244666667,16.40473112,0.289,10.6318503
Pm 005 (20) 08-Jul-24_19-26-16_00410xypts.csv,Pm,5,Pm5,20,8-Jul-24,13.72693321,0.066,4.662314875,0.098666667,0.33,0.071333333,378,0.069333333,22.250025,0.07,14.37030222,0.109333333,0.0895,0.078333333,10.68,0.013,0.1456344,0.043333333,18.65653904,0.099333333,7.058559321
Pm 005 (20) 08-Jul-24_19-35-34_00413xypts.csv,Pm,5,Pm5,20,8-Jul-24,11.73260102,0.041,5.317647024,0.074666667,0.275,0.044,504,0.041333333,16.1214,0.042333333,9.064930253,0.079666667,0.0901,0.06,4.98,0.106333333,0.314814,0.053333333,14.24381135,0.076333333,9.241202233
Pm 005 (20) 21-Oct-24_17-41-49_00802xypts.csv,Pm,5,Pm5,20,21-Oct-24,13.2374021,0.018,4.617780766,0.069333333,0.231,0.030333333,255.9,0.018333333,10.2082533,0.028666667,9.192752114,0.067333333,0.0769,0.021333333,3.84,0.004333333,0.193356,0.015333333,13.8016917,0.068666667,10.91386974
Pm 005 (20) 21-Oct-24_17-46-40_00804xypts.csv,Pm,5,Pm5,20,21-Oct-24,17.75849196,0.075666667,4.632339134,0.112333333,0.249,0.078666667,456,0.076,13.266915,0.077,9.858024392,0.117333333,0.072,0.087666667,4.95,0.040333333,0.1434948,0.079333333,14.3752412,0.113666667,15.39735488
Pm 005 (20) 21-Oct-24_17-49-45_00806xypts.csv,Pm,5,Pm5,20,21-Oct-24,20.49898425,0.208666667,6.398569009,0.256666667,0.269,0.231333333,336,0.229,14.8727394,0.229666667,21.1529927,0.265666667,0.114,0.245,7.56,0.166333333,0.42744,0.242,27.26048171,0.262,14.70355764
Pm 005 (20) 21-Oct-24_17-51-58_00808xypts.csv,Pm,5,Pm5,20,21-Oct-24,13.73354323,0.233333333,4.897732594,0.272666667,0.3,0.237666667,525,0.233666667,15.9925119,0.236,12.74553881,0.295333333,0.0895,0.245333333,2.553,0.215333333,0.183219,0.237333333,16.96495454,0.273,10.78857637
Pm 005 (25) 22-Jul-24_19-21-03_00534xypts.csv,Pm,5,Pm5,25,22-Jul-24,10.8972763,0.038,5.179859097,0.067333333,0.26,0.041666667,279.9,0.039,20.1155184,0.071333333,9.609030545,0.074,0.0906,0.056666667,3.33,0.048,0.246558,0.049333333,14.4165981,0.069333333,8.62429703
Pm 005 (25) 22-Jul-24_19-22-39_00535xypts.csv,Pm,5,Pm5,25,22-Jul-24,7.759529112,0.051333333,3.865704498,0.072666667,0.305,0.062666667,369,0.052,13.6007277,0.060666667,5.233041005,0.083666667,0.0564,0.066,2.358,0.057666667,0.1074183,0.059333333,8.513358403,0.075666667,6.776877212
Pm 005 (25) 22-Jul-24_19-24-29_00536xypts.csv,Pm,5,Pm5,25,22-Jul-24,12.27869265,0.033666667,3.318359647,0.054333333,0.3,0.037,471,0.034,20.7447516,0.064333333,12.19715114,0.067666667,0.105,0.034666667,6.21,0.024666667,0.452328,0.027333333,14.17052971,0.062333333,8.588253869
Pm 005 (25) 22-Jul-24_19-26-22_00537xypts.csv,Pm,5,Pm5,25,22-Jul-24,17.41966171,0.342,5.00174489,0.387666667,0.243,0.363333333,259.5,0.344333333,8.7569118,0.361666667,13.0245897,0.381333333,0.11,0.353666667,3.99,0.326,0.220542,0.331,17.93008494,0.387333333,14.22963989
Pm 005 (25) 22-Jul-24_19-28-35_00538xypts.csv,Pm,5,Pm5,25,22-Jul-24,12.03158458,0.355333333,5.14047955,0.386666667,0.309,0.358666667,444,0.355666667,38.995506,0.388666667,10.8387231,0.398,0.0943,0.370666667,4.98,0.359666667,0.340032,0.362333333,14.86100783,0.388333333,10.69803049
Pm 006 (05) 12-Feb-25_18_09_23_01009xypts.csv,Pm,6,Pm6,5,12-Feb-25,5.753913245,0.118,2.165273935,0.17,0.113,0.131333333,103.8,0.151333333,1.28955411,0.129,3.348179089,0.221333333,0.0165,0.126,3.75,0.057,0.0108054,0.120333333,5.107663199,0.171,4.470017305
Pm 006 (05) 12-Feb-25_18_14_56_01011xypts.csv,Pm,6,Pm6,5,12-Feb-25,7.175387024,0.089333333,3.145979813,0.151666667,0.195,0.106333333,220.8,0.090333333,6.262416,0.105,2.624362314,0.205666667,0.0213,0.054333333,7.26,0.049666667,0.068901,0.050666667,5.648193092,0.155666667,6.382350528
Pm 006 (05) 12-Feb-25_18_41_09_01017xypts.csv,Pm,6,Pm6,5,12-Feb-25,6.458426786,0.108,3.540591611,0.171333333,0.147,0.118333333,102.9,0.116,3.034812,0.116333333,1.314923218,0.229,0.0156,0.145,1.44,0.136,0.0139878,0.139333333,4.749763284,0.172333333,6.492878592
Pm 006 (05) 17-Feb-25_18-27-06_01016xypts.csv,Pm,6,Pm6,5,17-Feb-25,10.61626207,0.112666667,2.719389083,0.172666667,0.165,0.137333333,266.4,0.135,6.7891869,0.136,7.435003293,0.216666667,0.0285,0.125,0.981,0.015,0.0122553,0.119,9.729849257,0.172666667,7.250030932
Pm 006 (05) 24-Mar-25_18_43_33_01308xypts.csv,Pm,6,Pm6,5,24-Mar-25,2.863900812,0.099333333,2.18917249,0.151333333,0.113,0.102333333,243.6,0.099666667,2.81370783,0.100333333,1.038510068,0.184333333,0.00647,0.098333333,0.702,0.092,0.00306,0.094333333,3.062668823,0.152,2.552555551
Pm 006 (05) 24-Mar-25_18-27-50_01304xypts.csv,Pm,6,Pm6,5,24-Mar-25,8.32834372,0.050333333,3.179720993,0.098666667,0.252,0.053666667,298.8,0.050666667,11.1765345,0.052,4.944344037,0.142666667,0.02,0.068666667,1.413,0.128333333,0.014547,0.011666667,7.493912698,0.1,6.185458634
Pm 006 (05) 24-Mar-25_18-31-27_01305xypts.csv,Pm,6,Pm6,5,24-Mar-25,3.14788116,0.018333333,2.892145335,0.074,0.189,0.024666667,158.7,0.022,5.546094,0.023,2.509159876,0.093333333,0.0211,0.040333333,1.572,0.034666667,0.0253872,0.036,5.196905133,0.085666667,2.852248308
Pm 006 (05) 24-Mar-25_18-38-50_01307xypts.csv,Pm,6,Pm6,5,24-Mar-25,3.935136047,0.07,2.498678621,0.119666667,0.166,0.079,171.3,0.070333333,5.1246108,0.070333333,3.433654948,0.189333333,0.0135,0.076333333,0.903,0.166666667,0.007176,0.071333333,5.290058057,0.132,2.706462099
Pm 006 (10) 07-Aug-24_18-53-44_00607xypts.csv,Pm,6,Pm6,10,7-Aug-24,8.733221958,0.003666667,4.112316292,0.058333333,0.185,0.008,191.4,0.005666667,6.1365195,0.006333333,5.267200872,0.066666667,0.0419,0.032,2.244,0.085666667,0.0404622,0.074333333,9.281461918,0.064,8.603969108
Pm 006 (10) 07-Aug-24_18-55-29_00608xypts.csv,Pm,6,Pm6,10,7-Aug-24,7.038154574,0.101666667,4.372050322,0.151666667,0.167,0.117666667,321,0.102,5.5829904,0.103333333,4.758070592,0.140333333,0.0478,0.094666667,4.53,0.086,0.139788,0.088666667,8.902266148,0.150333333,5.074929891
Pm 006 (10) 07-Aug-24_18-58-30_00609xypts.csv,Pm,6,Pm6,10,7-Aug-24,11.03645035,0.018666667,4.242015098,0.074,0.14,0.021666667,205.2,0.019,3.69183384,0.019666667,7.524333168,0.139,0.0399,0.049,2.52,0.001,0.0427086,0.004,10.85266101,0.074333333,9.686644095
Pm 006 (10) 07-Aug-24_19-00-42_00610xypts.csv,Pm,6,Pm6,10,7-Aug-24,9.648255278,0.060666667,3.343403817,0.116666667,0.345,0.068666667,732,0.061,26.677593,0.067333333,8.601618509,0.133666667,0.0426,0.081,2.49,0.156333333,0.0631377,0.141,11.5756645,0.117666667,7.712962421
Pm 006 (10) 14-Oct-24_18_24_16_00757xypts.csv,Pm,6,Pm6,10,14-Oct-24,5.613801406,0.084666667,2.641118493,0.116333333,0.157,0.087666667,188.7,0.085,4.3009236,0.086,5.501372713,0.120333333,0.0436,0.060666667,11.49,0.036666667,0.0640953,0.054666667,8.090336083,0.117,3.2887782
Pm 006 (10) 28-Apr-25_16-49-07_01438xypts.csv,Pm,6,Pm6,10,28-Apr-25,6.337349012,0.196666667,1.51572367,0.220333333,0.112,0.198333333,157.5,0.197,4.37322891,0.23,6.899625406,0.293,0.0237,0.166666667,0.654,0.121,0.0105885,0.154666667,8.065021282,0.286666667,1.836354336
Pm 006 (10) 28-Apr-25_16-54-03_01440xypts.csv,Pm,6,Pm6,10,28-Apr-25,11.04271149,0.192333333,3.012140724,0.252,0.153,0.195,252.9,0.192666667,5.11896,0.193333333,7.556671148,0.244,0.0293,0.155333333,3.3,0.125,0.0624666,0.127333333,10.47195476,0.251333333,5.792696894
Pm 006 (15) 05-Mar-25_17-55-30_01156xypts.csv,Pm,6,Pm6,15,5-Mar-25,7.208540361,0.082333333,3.331590325,0.117,0.196,0.113,468,0.082666667,9.500823,0.083666667,2.862246238,0.133666667,0.0164,0.084333333,1.32,0.023666667,0.00997632,0.025666667,5.987234072,0.117,6.166497877
Pm 006 (15) 05-Mar-25_17-57-51_01157xypts.csv,Pm,6,Pm6,15,5-Mar-25,6.10541093,0.056333333,2.547760965,0.111666667,0.192,0.084666667,167.1,0.063,4.8618486,0.082666667,5.119106841,0.107333333,0.0256,0.072333333,0.846,0.008666667,0.013284,0.025666667,7.639000819,0.111666667,3.75181256
Pm 006 (15) 05-Mar-25_18-00-04_01158xypts.csv,Pm,6,Pm6,15,5-Mar-25,10.77245339,0.164,2.483828036,0.195333333,0.175,0.193,339,0.164333333,7.0000947,0.191666667,8.146329298,0.211333333,0.0669,0.160666667,5.19,0.153333333,0.253206,0.155,10.51795113,0.208666667,7.569365673
Pm 006 (15) 05-Mar-25_18-02-05_01159xypts.csv,Pm,6,Pm6,15,5-Mar-25,16.91107625,0.106,3.968778652,0.188666667,0.227,0.125666667,324,0.123333333,11.9678958,0.124333333,10.15410335,0.164666667,0.0486,0.075666667,5.82,0.065333333,0.140847,0.07,14.08752882,0.160666667,12.94112505
Pm 006 (15) 05-Mar-25_18-04-10_01160xypts.csv,Pm,6,Pm6,15,5-Mar-25,5.622014229,0.091,2.272611796,0.117333333,0.229,0.099333333,192,0.097333333,8.6400732,0.098,5.760104795,0.168,0.0237,0.090666667,0.843,0.135333333,0.0125316,0.067333333,7.360202051,0.146,3.233439929
Pm 006 (15) 12-Feb-25_18-30-58_01012xypts.csv,Pm,6,Pm6,15,12-Feb-25,7.607352794,0.100666667,2.017815858,0.131333333,0.168,0.103666667,399,0.101,6.7132335,0.102,5.862360719,0.143666667,0.0426,0.099,2.172,0.091666667,0.0727638,0.093,7.778200929,0.139666667,4.476774379
Pm 006 (15) 17-Mar-25_19_26_22_01254xypts.csv,Pm,6,Pm6,15,17-Mar-25,6.02761412,0.047666667,1.178634949,0.068,0.0883,0.058333333,75,0.056333333,1.29240444,0.056666667,4.515696052,0.089666667,0.0324,0.046333333,1.752,0.01,0.0264132,0.038333333,5.329131624,0.07,3.744453911
Pm 006 (20) 10-Jul-24_17_29_44_00418xypts.csv,Pm,6,Pm6,20,10-Jul-24,6.217595731,0.040666667,4.343775519,0.068666667,0.254,0.045666667,205.2,0.042333333,9.0093696,0.043333333,3.509764206,0.069666667,0.0326,0.053,4.41,0.011666667,0.036225,0.076666667,7.850565894,0.068666667,5.00016098
Pm 006 (20) 10-Jul-24_17_33_01_00419xypts.csv,Pm,6,Pm6,20,10-Jul-24,8.757434615,0.057,2.510725579,0.082333333,0.268,0.061,489,0.090333333,31.483266,0.087333333,6.738527759,0.077666667,0.0601,0.059,2.544,0.013333333,0.0804972,0.051,9.171603474,0.081,4.784046053
Pm 006 (20) 10-Jul-24_17-20-18_00416xypts.csv,Pm,6,Pm6,20,10-Jul-24,4.460123664,0.189,2.307789667,0.208333333,0.336,0.193,396,0.190333333,21.517914,0.191333333,2.844708218,0.204,0.0295,0.173,2.424,0.164,0.048048,0.166333333,5.11944133,0.208333333,1.858922355
Pm 006 (20) 10-Jul-24_17-27-01_00417xypts.csv,Pm,6,Pm6,20,10-Jul-24,18.52017626,0.057333333,5.83104152,0.110666667,0.321,0.086333333,399,0.083666667,20.652012,0.084666667,16.10083246,0.137666667,0.0873,0.077333333,1.71,0.032333333,0.0963585,0.069333333,21.08344017,0.111333333,14.07826207
Pm 006 (20) 10-Jul-24_17-35-29_00420xypts.csv,Pm,6,Pm6,20,10-Jul-24,7.430842715,0.041666667,3.91608747,0.066333333,0.25,0.051,174.9,0.049333333,11.7612261,0.069,4.74939538,0.070333333,0.0406,0.042666667,2.82,0.088666667,0.0539172,0.078,8.636189808,0.066666667,5.113103824
Pm 006 (25) 15-Jul-24_19_38_59_00479xypts.csv,Pm,6,Pm6,25,15-Jul-24,9.514335573,0.043333333,4.792109806,0.075333333,0.29,0.057,298.5,0.045,11.8706688,0.076666667,9.187338114,0.080333333,0.0724,0.058,3.45,0.097,0.1160754,0.028,13.82264897,0.076,5.741649354
Pm 006 (25) 15-Jul-24_19-30-32_00476xypts.csv,Pm,6,Pm6,25,15-Jul-24,12.86418291,0.129666667,4.390883177,0.168,0.457,0.150666667,657,0.148333333,46.189473,0.149333333,10.502041,0.174,0.0674,0.143,2.283,0.105333333,0.0950544,0.133,14.81704732,0.171666667,10.00420871
Pm 006 (25) 15-Jul-24_19-43-02_00481xypts.csv,Pm,6,Pm6,25,15-Jul-24,13.73150128,0.043,5.938367634,0.072333333,0.261,0.058,462,0.045666667,16.691466,0.046333333,15.91739134,0.134666667,0.102,0.064666667,8.34,0.117666667,0.2322,0.121,19.97970353,0.100333333,9.466342301
Pm 006 (25) 19-Mar-25_17_22_48_01267xypts.csv,Pm,6,Pm6,25,19-Mar-25,10.19175891,0.075666667,2.606351223,0.111666667,0.228,0.080333333,253.2,0.077333333,9.0652959,0.078333333,6.31913851,0.121666667,0.0313,0.08,1.941,0.040666667,0.0288288,0.043,8.772892507,0.113,7.371442233
Pm 006 (25) 19-Mar-25_17-18-36_01266xypts.csv,Pm,6,Pm6,25,19-Mar-25,2.983835482,0.09,1.849881007,0.142,0.141,0.096666667,450,0.094666667,14.83335,0.091666667,7.539684237,0.153333333,0.0383,0.092666667,2.049,0.058,0.0375732,0.061333333,9.271016583,0.142333333,1.092307362