filename,Calibration (px/mm)
Pm 001 (20) 08-Jul-24_18_17_06_00391xypts.csv,8.778711
Pm 001 (20) 08-Jul-24_18-22-07_00393xypts.csv,8.778711
Pm 001 (20) 08-Jul-24_18-26-04_00394xypts.csv,8.778711
Pm 001 (20) 08-Jul-24_18-19-48_00392xypts.csv,8.778711
Pm 002 (20) 08-Jul-24_18-29-58_00395xypts.csv,8.778711
Pm 002 (20) 08-Jul-24_18-42-43_00397xypts.csv,8.778711
Pm 002 (20) 08-Jul-24_18-45-02_00398xypts.csv,8.778711
Pm 002 (20) 08-Jul-24_18-47-47_00399xypts.csv,8.778711
Pm 003 (20) 08-Jul-24_18_51_44_00400xypts.csv,8.778711
Pm 003 (20) 08-Jul-24_18-57-33_00401xypts.csv,8.778711
Pm 004 (20) 08-Jul-24_19-15-35_00406xypts.csv,8.778711
Pm 004 (20) 08-Jul-24_19-19-01_00407xypts.csv,8.778711
Pm 004 (20) 08-Jul-24_19-21-57_00405xypts.csv,8.778711
Pm 004 (20) 08-Jul-24_19-21-57_00408xypts.csv,8.778711
Pm 004 (20) 08-Jul-24_19-24-04_00409xypts.csv,8.778711
Pm 005 (20) 08-Jul-24_19-26-16_00410xypts.csv,8.778711
Pm 005 (20) 08-Jul-24_19-35-34_00413xypts.csv,8.778711
Pm 006 (20) 10-Jul-24_17_29_44_00418xypts.csv,8.778711
Pm 006 (20) 10-Jul-24_17_33_01_00419xypts.csv,8.778711
Pm 006 (20) 10-Jul-24_17-20-18_00416xypts.csv,8.778711
Pm 006 (20) 10-Jul-24_17-27-01_00417xypts.csv,8.778711
Pm 006 (20) 10-Jul-24_17-35-29_00420xypts.csv,8.778711
Pm 001 (15) 15-Jul-24_17-41-32_00447xypts.csv,8.778711
Pm 001 (15) 15-Jul-24_17-48-35_00450xypts.csv,8.778711
Pm 002 (15) 15-Jul-24_17-52-32_00452xypts.csv,8.778711
Pm 002 (15) 15-Jul-24_18-01-02_00454xypts.csv,8.778711
Pm 002 (15) 15-Jul-24_18-03-12_00455xypts.csv,8.778711
Pm 002 (15) 15-Jul-24_18-07-04_00456xypts.csv,8.778711
Pm 002 (15) 15-Jul-24_18-09-00_00457xypts.csv,8.778711
Pm 003 (15) 15-Jul-24_18-33-01_00462xypts.csv,8.778711
Pm 003 (15) 15-Jul-24_18-36-44_00463xypts.csv,8.778711
Pm 004 (15) 15-Jul-24_18_54_16_00468xypts.csv,8.778711
Pm 004 (15) 15-Jul-24_18-52-34_00467xypts.csv,8.778711
Pm 004 (15) 15-Jul-24_18-57-11_00469xypts.csv,8.778711
Pm 004 (15) 15-Jul-24_18-50-44_00466xypts.csv,8.778711
Pm 005 (15) 15-Jul-24_18-57-11_00469xypts.csv,8.778711
Pm 005 (15) 15-Jul-24_19-15-29_00472xypts.csv,8.778711
Pm 006 (25) 15-Jul-24_19_38_59_00479xypts.csv,8.778711
Pm 006 (25) 15-Jul-24_19-30-32_00476xypts.csv,8.778711
Pm 006 (25) 15-Jul-24_19-43-02_00481xypts.csv,8.778711
Pm 001 (25) 22-Jul-24_18_06_51_00513xypts.csv,8.778711
Pm 001 (25) 22-Jul-24_18_08_37_00514xypts.csv,8.778711
Pm 001 (25) 22-Jul-24_18-02-55_00511xypts.csv,8.778711
Pm 001 (25) 22-Jul-24_18-04-47_00512xypts.csv,8.778711
Pm 001 (25) 22-Jul-24_18-08-37_00514xypts.csv,8.778711
Pm 001 (25) 22-Jul-24_18-10-09_00515xypts.csv,8.778711
Pm 002 (25) 22-Jul-24_18-22-58_00517xypts.csv,8.778711
Pm 002 (25) 22-Jul-24_18-28-13_00519xypts.csv,8.778711
Pm 002 (25) 22-Jul-24_18-30-51_00520xypts.csv,8.778711
Pm 002 (25) 22-Jul-24_18-33-15_00521xypts.csv,8.778711
Pm 002 (25) 22-Jul-24_18-40-18_00523xypts.csv,8.778711
Pm 003 (25) 22-Jul-24_18-51-09_00525xypts.csv,8.778711
Pm 003 (25) 22-Jul-24_18-54-43_00527xypts.csv,8.778711
Pm 004 (25) 22-Jul-24_19_07_13_00529xypts.csv,8.778711
Pm 004 (25) 22-Jul-24_19-09-04_00530xypts.csv,8.778711
Pm 004 (25) 22-Jul-24_19-10-30_00531xypts.csv,8.778711
Pm 004 (25) 22-Jul-24_19-12-21_00532xypts.csv,8.778711
Pm 005 (25) 22-Jul-24_19-21-03_00534xypts.csv,8.778711
Pm 005 (25) 22-Jul-24_19-22-39_00535xypts.csv,8.778711
Pm 005 (25) 22-Jul-24_19-24-29_00536xypts.csv,8.778711
Pm 005 (25) 22-Jul-24_19-26-22_00537xypts.csv,8.778711
Pm 005 (25) 22-Jul-24_19-28-35_00538xypts.csv,8.778711
Pm 005 (05) 30-Jul-24_17-53-27_00558xypts.csv,8.778711
Pm 005 (05) 30-Jul-24_17-57-18_00559xypts.csv,8.778711
Pm 005 (05) 30-Jul-24_17-59-33_00560xypts.csv,8.778711
Pm 001 (05) 06-Aug-24_17-28-16_00573xypts.csv,8.778711
Pm 001 (05) 06-Aug-24_17-32-05_00574xypts.csv,8.778711
Pm 001 (05) 06-Aug-24_17-37-27_00575xypts.csv,8.778711
Pm 001 (05) 06-Aug-24_17-50-28_00577xypts.csv,8.778711
pm 005 (05) 06-Aug-24_18-23-22_00582xypts.csv,8.778711
Pm 002 (10) 07-Aug-24_17-29-20_00593xypts.csv,8.778711
Pm 002 (10) 07-Aug-24_17-33-31_00594xypts.csv,8.778711
Pm 002 (10) 07-Aug-24_17-36-09_00595xypts.csv,8.778711
Pm 002 (10) 07-Aug-24_17-38-23_00596xypts.csv,8.778711
Pm 002 (10) 07-Aug-24_17-41-29_00597xypts.csv,8.778711
Pm 003 (10) 07-Aug-24_17-55-05_00598xypts.csv,8.778711
Pm 003 (10) 07-Aug-24_17-57-14_00599xypts.csv,8.778711
Pm 003 (10) 07-Aug-24_18_03_02_00601xypts.csv,8.778711
Pm 003 (10) 07-Aug-24_18_05_13_00602xypts.csv,8.778711
Pm 004 (10) 07-Aug-24_18-19-00_00603xypts.csv,8.778711
Pm 004 (10) 07-Aug-24_18-25-36_00604xypts.csv,8.778711
Pm 004 (10) 07-Aug-24_18-41-11_00605xypts.csv,8.778711
Pm 004 (10) 07-Aug-24_18-42-54_00606xypts.csv,8.778711
Pm 006 (10) 07-Aug-24_18-55-29_00608xypts.csv,8.778711
Pm 006 (10) 07-Aug-24_18-58-30_00609xypts.csv,8.778711
Pm 006 (10) 07-Aug-24_18-53-44_00607xypts.csv,8.778711
Pm 006 (10) 07-Aug-24_19-00-42_00610xypts.csv,8.778711
Pm 005 (10) 17-Sep-24_19-02-26_00632xypts.csv,8.778711
Pm 005 (10) 17-Sep-24_19-09-05_00633xypts.csv,8.778711
Pm 005 (10) 17-Sep-24_19-11-20_00634xypts.csv,8.778711
Pm 005 (10) 17-Sep-24_19-19-16_00635xypts.csv,8.778711
Pm 001 (10) 23-Sep-24_18_27_21_00658xypts.csv,8.778711
Pm 001 (10) 23-Sep-24_18-24-26_00657xypts.csv,8.778711
Pm 001 (10) 23-Sep-24_18-30-02_00659xypts.csv,8.778711
Pm 001 (10) 23-Sep-24_18-32-16_00660xypts.csv,8.778711
Pm 003 (05) 07-Oct-24_18-34-36_00731xypts.csv,8.778711
Pm 003 (05) 07-Oct-24_18-21-52_00727xypts.csv,8.778711
Pm 003 (05) 07-Oct-24_18-28-09_00729xypts.csv,8.778711
Pm 003 (05) 07-Oct-24_18-30-09_00730xypts.csv,8.778711
Pm 003 (05) 07-Oct-24_18-36-47_00732xypts.csv,8.778711
Pm 005 (15) 07-Oct-24_17_47_31_00723xypts.csv,8.778711
Pm 001 (15) 14-Oct-24_18-58-21_00762xypts.csv,8.778711
Pm 001 (15) 14-Oct-24_19-03-31_00764xypts.csv,8.778711
Pm 001 (15) 14-Oct-24_19-10-57_00766xypts.csv,8.778711
Pm 006 (10) 14-Oct-24_18_24_16_00757xypts.csv,8.778711
Pm 005 (20) 21-Oct-24_17-41-49_00802xypts.csv,8.778711
Pm 005 (20) 21-Oct-24_17-46-40_00804xypts.csv,8.778711
Pm 005 (20) 21-Oct-24_17-49-45_00806xypts.csv,8.778711
Pm 005 (20) 21-Oct-24_17-51-58_00808xypts.csv,8.778711
Pm 006 (05) 12-Feb-25_18_09_23_01009xypts.csv,8.721133
Pm 006 (05) 12-Feb-25_18_14_56_01011xypts.csv,8.721133
Pm 006 (05) 12-Feb-25_18_41_09_01017xypts.csv,8.721133
Pm 006 (15) 12-Feb-25_18-30-58_01012xypts.csv,8.721133
Pm 006 (05) 17-Feb-25_18-27-06_01016xypts.csv,8.811656
Pm 003 (20) 05-Mar-25_18_23_52_01164xypts.csv,6.431861
Pm 003 (20) 05-Mar-25_18_26_39_01165xypts.csv,6.431861
Pm 003 (20) 05-Mar-25_18_28_35_01166xypts.csv,6.431861
Pm 003 (20) 05-Mar-25_18-19-46_01162xypts.csv,6.431861
Pm 003 (20) 05-Mar-25_18-21-51_01163xypts.csv,6.431861
Pm 005 (15) 05-Mar-25_19_18_29_01172xypts.csv,6.431861
Pm 005 (15) 05-Mar-25_19_21_00_01173xypts.csv,6.431861
Pm 005 (15) 05-Mar-25_19-18-29_01172xypts.csv,6.431861
Pm 005 (15) 05-Mar-25_19-24-00_01174xypts.csv,6.431861
Pm 006 (15) 05-Mar-25_17-55-30_01156xypts.csv,6.431861
Pm 006 (15) 05-Mar-25_17-57-51_01157xypts.csv,6.431861
Pm 006 (15) 05-Mar-25_18-00-04_01158xypts.csv,6.431861
Pm 006 (15) 05-Mar-25_18-02-05_01159xypts.csv,6.431861
Pm 006 (15) 05-Mar-25_18-04-10_01160xypts.csv,6.431861
Pm 003 (05) 12-Mar-25_16_52_10_01213xypts.csv,6.517982
Pm 003 (05) 12-Mar-25_16-57-35_01215xypts.csv,6.517982
Pm 003 (05) 12-Mar-25_17-02-54_01217xypts.csv,6.517982
Pm 003 (05) 12-Mar-25_17-04-48_01218xypts.csv,6.517982
Pm 003 (15) 14-Mar-25_19-42-48_01247xypts.csv,6.40655
Pm 006 (15) 17-Mar-25_19_26_22_01254xypts.csv,6.297746
Pm 003 (25) 19-Mar-25_16_58_57_01263xypts.csv,6.297746
Pm 006 (25) 19-Mar-25_17_22_48_01267xypts.csv,6.297746
Pm 006 (25) 19-Mar-25_17-18-36_01266xypts.csv,6.297746
Pm 003 (25) 24-Mar-25_22_48_19_01317xypts.csv,6.534595
Pm 003 (25) 24-Mar-25_22_50_47_01318xypts.csv,6.534595
Pm 003 (25) 24-Mar-25_22_53_59_01319xypts.csv,6.534595
Pm 003 (25) 24-Mar-25_22-45-06_01316xypts.csv,6.534595
Pm 003 (25) 24-Mar-25_23-00-33_01321xypts.csv,6.534595
Pm 006 (05) 24-Mar-25_18_43_33_01308xypts.csv,6.534595
Pm 006 (05) 24-Mar-25_18-27-50_01304xypts.csv,6.534595
Pm 006 (05) 24-Mar-25_18-31-27_01305xypts.csv,6.534595
Pm 006 (05) 24-Mar-25_18-38-50_01307xypts.csv,6.534595
Pm 005 (05) 26-Mar-25_16_56_13_01326xypts.csv,6.331517
Pm 005 (05) 26-Mar-25_16-50-20_01324xypts.csv,6.331517
Pm 005 (05) 26-Mar-25_16-53-12_01325xypts.csv,6.331517
Pm 006 (10) 28-Apr-25_16-49-07_01438xypts.csv,6.339011
Pm 006 (10) 28-Apr-25_16-54-03_01440xypts.csv,6.339011