"filename","species","individual","temperature","date","preystartdist","timeprojstart","maxproj","timemaxproj","peakprojvel","timemaxprojvel","peakprojacc","timemaxprojacc","peakmmsprojpower","timemaxprojpower","maxlunge","timemaxlunge","peaklungevel","timemaxlungevel","peaklungeacc","timemmaxlungeacc","peakbmslungepower","timemaxlungepower","maxreach","timemaxreach","tonguestartdist"
"Pm 001 (05) 06-Aug-24_17-28-16_00573xypts.csv","Pm","001","05","06-Aug-24","12.2050314547215","0.208333333333333","6.7597063694909","0.278","0.278","0.223333333333333","408","0.208666666666667","12.1846206","0.210333333333333","8.56717206757641","0.270666666666667","0.067","0.256666666666667","5.85","0.178666666666667","0.27825","0.252","15.2944351111507","0.271666666666667","10.1416901313243"
"Pm 001 (05) 06-Aug-24_17-32-05_00574xypts.csv","Pm","001","05","06-Aug-24","14.5843724659964","0.102333333333333","6.67412504221225","0.187333333333333","0.321","0.129666666666667","474","0.102666666666667","19.363962","0.103333333333333","11.3837321481905","0.184666666666667","0.0759","0.119","7.35","0.112333333333333","0.387192","0.114333333333333","18.0455309288584","0.187333333333333","12.1949135243886"
"Pm 001 (05) 06-Aug-24_17-37-27_00575xypts.csv","Pm","001","05","06-Aug-24","7.82048763369636","0.0786666666666667","5.43953819522694","0.154666666666667","0.306","0.082","489","0.079","21.222078","0.0806666666666667","7.18488567259258","0.178333333333333","0.0301","0.129666666666667","1.347","0.0503333333333333","0.0178605","0.0526666666666667","12.1565386435077","0.156","6.29359166237891"
"Pm 001 (05) 06-Aug-24_17-50-28_00577xypts.csv","Pm","001","05","06-Aug-24","12.7284016435922","0.0583333333333333","6.83560968232858","0.126333333333333","0.181","0.061","354","0.0586666666666667","7.9986243","0.059","6.52651672592836","0.169","0.0283","0.0933333333333333","1.137","0.065","0.016956","0.0666666666666667","12.4338470460419","0.139","11.6624487455138"
"Pm 001 (10) 23-Sep-24_18_27_21_00658xypts.csv","Pm","001","10","23-Sep-24","11.5925356545721","0.161","6.41323179207954","0.238333333333333","0.183","0.163","327","0.161333333333333","14.000688","0.194333333333333","8.16439351871507","0.231","0.0437","0.187333333333333","1.38","0.173666666666667","0.0473124","0.176","14.5339039714778","0.238333333333333","8.62745610312355"
"Pm 001 (10) 23-Sep-24_18-24-26_00657xypts.csv","Pm","001","10","23-Sep-24","8.14905118187369","0.275333333333333","6.58456329551834","0.349333333333333","0.24","0.277","240.9","0.275666666666667","12.8120256","0.275666666666667","4.80200933078678","0.359333333333333","0.0424","0.330666666666667","3.66","0.293333333333333","0.062604","0.325666666666667","11.2124254440199","0.349666666666667","8.28649564843654"
"Pm 001 (10) 23-Sep-24_18-30-02_00659xypts.csv","Pm","001","10","23-Sep-24","9.42336684154176","0.137","5.84502763468015","0.216666666666667","0.224","0.141333333333333","259.8","0.147666666666667","9.5889921","0.14","8.94976427412129","0.223333333333333","0.049","0.190333333333333","1.533","0.253666666666667","0.0522732","0.231333333333333","14.7650314643681","0.216666666666667","7.20965170388176"
"Pm 001 (10) 23-Sep-24_18-32-16_00660xypts.csv","Pm","001","10","23-Sep-24","15.0489895494067","0.0916666666666667","6.97066405617932","0.17","0.224","0.093","384","0.092","17.01888","0.092","17.4928550834217","0.213333333333333","0.0991","0.155","6.54","0.115666666666667","0.295665","0.148666666666667","22.3862361733754","0.201333333333333","14.6123272030104"
"Pm 001 (15) 14-Oct-24_18-58-21_00762xypts.csv","Pm","001","15","14-Oct-24","19.323275979017","0.0466666666666667","6.96842644113586","0.101","0.22","0.0783333333333333","235.2","0.047","8.0538858","0.077","13.00343508678","0.105333333333333","0.0731","0.0703333333333333","2.112","0.0216666666666667","0.086496","0.0643333333333333","19.9386362185244","0.101666666666667","15.4739171049573"
"Pm 001 (15) 14-Oct-24_19-03-31_00764xypts.csv","Pm","001","15","14-Oct-24","17.6216411776779","0.175333333333333","7.23602732665149","0.239666666666667","0.235","0.179666666666667","278.7","0.177666666666667","11.383038","0.178333333333333","9.35123754040526","0.243333333333333","0.0468","0.199","2.514","0.281666666666667","0.04029","0.192","16.561849351343","0.24","14.5885598004038"
"Pm 001 (15) 14-Oct-24_19-10-57_00766xypts.csv","Pm","001","15","14-Oct-24","15.2757546660011","0.102666666666667","6.5066089081912","0.152666666666667","0.267","0.107","378","0.103666666666667","14.0567805","0.105","10.7449898585738","0.154","0.072","0.123333333333333","2.13","0.182666666666667","0.114432","0.116333333333333","17.2487573255569","0.153","11.4956218290825"
"Pm 001 (15) 15-Jul-24_17-41-32_00447xypts.csv","Pm","001","15","15-Jul-24","11.4404015547237","0.369666666666667","6.11249324208408","0.421333333333333","0.312","0.379333333333333","250.2","0.37","13.396551","0.377666666666667","7.55165031689442","0.428","0.0622","0.399","3.9","0.445666666666667","0.1167408","0.392333333333333","13.5266401464782","0.422333333333333","10.6876412691837"
"Pm 001 (15) 15-Jul-24_17-48-35_00450xypts.csv","Pm","001","15","15-Jul-24","14.3617639011977","0.025","6.31140548975926","0.0806666666666667","0.207","0.0263333333333333","306","0.0253333333333333","13.307634","0.0253333333333333","9.07139433711406","0.0746666666666667","0.0581","0.0436666666666667","3.15","0.00433333333333333","0.0992592","0.009","15.320950194083","0.0803333333333333","11.5699488535679"
"Pm 001 (20) 08-Jul-24_18_17_06_00391xypts.csv","Pm","001","20","08-Jul-24","12.0857461943262","0.0206666666666667","6.3178969741146","0.0696666666666667","0.246","0.0236666666666667","351","0.021","12.0905514","0.022","7.32042486430028","0.0953333333333333","0.0394","0.0486666666666667","3.69","0.000666666666666667","0.08757","0.00333333333333333","13.2993472839389","0.0703333333333333","10.2820985263356"
"Pm 001 (20) 08-Jul-24_18-19-48_00392xypts.csv","Pm","001","20","08-Jul-24","11.7359378460037","0.0513333333333333","6.90703168066451","0.101333333333333","0.375","0.0556666666666667","612","0.0523333333333333","28.150125","0.054","7.6888714247711","0.117","0.0514","0.0756666666666667","3.03","0.0116666666666667","0.0572832","0.0653333333333333","14.4623224796983","0.101","9.8055793546697"
"Pm 001 (20) 08-Jul-24_18-22-07_00393xypts.csv","Pm","001","20","08-Jul-24","10.2211729920195","0.0916666666666667","5.52190374960012","0.124666666666667","0.355","0.114333333333333","285.9","0.092","16.2969072","0.112333333333333","6.72473046090497","0.139666666666667","0.0467","0.104333333333333","2.088","0.07","0.0578976","0.0723333333333333","11.9919501094145","0.131333333333333","7.55679098720258"
"Pm 001 (20) 08-Jul-24_18-26-04_00394xypts.csv","Pm","001","20","08-Jul-24","13.4528684256577","0.146","6.76861124533394","0.191666666666667","0.304","0.153","199.2","0.146333333333333","10.2282804","0.151666666666667","8.71081582260569","0.203","0.0474","0.172333333333333","1.509","0.219","0.041499","0.166333333333333","15.2023912899249","0.192333333333333","9.96869299992534"
"Pm 001 (25) 22-Jul-24_18_06_51_00513xypts.csv","Pm","001","25","22-Jul-24","8.25893503522467","0.013","6.60209724995233","0.0513333333333333","0.297","0.017","411","0.0133333333333333","15.1514568","0.015","4.74029914452789","0.061","0.0376","0.029","2.394","0.000333333333333333","0.040602","0.003","11.1415805761601","0.0516666666666667","7.34667276465205"
"Pm 001 (25) 22-Jul-24_18_08_37_00514xypts.csv","Pm","001","25","22-Jul-24","17.6884578103158","0.312","8.46412524998103","0.357333333333333","0.353","0.342333333333333","654","0.312333333333333","25.259076","0.313","8.12480194806474","0.356","0.0624","0.327333333333333","2.364","0.297666666666667","0.0757185","0.301333333333333","16.5849837040539","0.357","16.8742645764476"
"Pm 001 (25) 22-Jul-24_18-02-55_00511xypts.csv","Pm","001","25","22-Jul-24","13.7050435415092","0.0233333333333333","6.53785882574906","0.0626666666666667","0.339","0.0286666666666667","429","0.0256666666666667","21.034272","0.0266666666666667","7.10914328209902","0.0773333333333333","0.0531","0.0466666666666667","2.457","0.00266666666666667","0.0839157","0.0383333333333333","13.0561999818032","0.0653333333333333","12.2795881554922"
"Pm 001 (25) 22-Jul-24_18-04-47_00512xypts.csv","Pm","001","25","22-Jul-24","11.1436829283814","0.0343333333333333","7.14421073365593","0.07","0.5","0.038","885","0.0346666666666667","54.27261","0.0363333333333333","5.17296320325881","0.073","0.0394","0.044","2.16","0.09","0.0472464","0.0816666666666667","12.2940714449809","0.07","9.07547106524419"
"Pm 001 (25) 22-Jul-24_18-08-37_00514xypts.csv","Pm","001","25","22-Jul-24","18.4217853540748","0.738","7.36572975690654","0.787","0.329","0.752","582","0.738333333333333","19.315764","0.771333333333333","8.21082565891938","0.782","0.0622","0.753","2.622","0.523333333333333","0.075117","0.728","15.5305566506067","0.786","16.744377419337"
"Pm 001 (25) 22-Jul-24_18-10-09_00515xypts.csv","Pm","001","25","22-Jul-24","18.080671207515","0.034","7.44718220984707","0.0773333333333333","0.257","0.0376666666666667","429","0.0353333333333333","16.15464","0.0363333333333333","8.14909849476567","0.082","0.0599","0.048","3.18","0.109666666666667","0.0882954","0.0386666666666667","15.5486800789703","0.078","15.9143531549749"
"Pm 002 (10) 07-Aug-24_17-29-20_00593xypts.csv","Pm","002","10","07-Aug-24","19.4695764535913","0.0896666666666667","5.67248140500267","0.158333333333333","0.234","0.1","366","0.0916666666666667","9.5889921","0.0983333333333333","15.4907469834731","0.159","0.0779","0.122666666666667","1.779","0.0843333333333333","0.0824004","0.087","21.1622623070617","0.158333333333333","16.1098419356005"
"Pm 002 (10) 07-Aug-24_17-33-31_00594xypts.csv","Pm","002","10","07-Aug-24","19.1571211436579","0.123666666666667","5.8901724530997","0.182666666666667","0.325","0.14","399","0.124","19.2100608","0.138666666666667","17.0518676188515","0.213333333333333","0.0771","0.160333333333333","2.166","0.15","0.1397115","0.151","22.8214785362083","0.207666666666667","16.1288938555652"
"Pm 002 (10) 07-Aug-24_17-36-09_00595xypts.csv","Pm","002","10","07-Aug-24","4.11912546230814","0.0156666666666667","4.17729950321167","0.0483333333333333","0.273","0.0266666666666667","191.1","0.016","9.0343827","0.0246666666666667","2.2592791070317","0.069","0.0191","0.037","1.362","0.00633333333333333","0.011421","0.0306666666666667","6.04350775109726","0.049","3.47293730410147"
"Pm 002 (10) 07-Aug-24_17-38-23_00596xypts.csv","Pm","002","10","07-Aug-24","17.3541593002159","0.076","6.08871803395857","0.141333333333333","0.219","0.0966666666666667","423","0.0763333333333333","7.4671998","0.0953333333333333","12.3911932842176","0.147666666666667","0.0695","0.116666666666667","2.616","0.184333333333333","0.0632775","0.110333333333333","18.4059910861349","0.142333333333333","14.3175356661988"
"Pm 002 (10) 07-Aug-24_17-41-29_00597xypts.csv","Pm","002","10","07-Aug-24","16.9564704987962","0.0893333333333333","5.62956462869375","0.152333333333333","0.198","0.101666666666667","231.6","0.0903333333333333","5.8076928","0.0913333333333333","13.4044362900656","0.165","0.0575","0.114333333333333","4.14","0.0636666666666667","0.124722","0.0656666666666667","18.6483602329513","0.158333333333333","13.6343279650838"
"Pm 002 (15) 15-Jul-24_17-52-32_00452xypts.csv","Pm","002","15","15-Jul-24","23.5960614115874","0.0753333333333333","7.33495154351312","0.148","0.255","0.079","486","0.077","18.903588","0.078","16.6959902083076","0.131333333333333","0.084","0.0976666666666667","2.001","0.158666666666667","0.0972804","0.057","23.5470528582068","0.147","18.2666125683419"
"Pm 002 (15) 15-Jul-24_18-01-02_00454xypts.csv","Pm","002","15","15-Jul-24","19.2556342031035","0.182333333333333","6.00947545288536","0.222","0.23","0.215333333333333","336","0.185333333333333","9.0660438","0.182666666666667","10.2745598648623","0.225666666666667","0.0623","0.186","3.54","0.179666666666667","0.1764","0.181","16.2490291772542","0.222333333333333","16.1168539870795"
"Pm 002 (15) 15-Jul-24_18-03-12_00455xypts.csv","Pm","002","15","15-Jul-24","4.54484348700902","0.106333333333333","4.48301978901126","0.134","0.197","0.113666666666667","118.8","0.129","14.6798643","0.137","2.75384488215372","0.137666666666667","0.0405","0.0976666666666667","4.11","0.0913333333333333","0.115497","0.0933333333333333","7.19260323413441","0.134333333333333","2.84388001109791"
"Pm 002 (15) 15-Jul-24_18-07-04_00456xypts.csv","Pm","002","15","15-Jul-24","6.50593516992092","0.234333333333333","3.58281049529742","0.270666666666667","0.268","0.239","324","0.236333333333333","14.1841728","0.237333333333333","3.82822732922417","0.281","0.0286","0.268666666666667","2.319","0.297333333333333","0.0394896","0.285333333333333","6.93088720660172","0.271666666666667","5.68776937687369"
"Pm 002 (15) 15-Jul-24_18-09-00_00457xypts.csv","Pm","002","15","15-Jul-24","19.6763596869526","0.542666666666667","5.68336702515996","0.581333333333333","0.221","0.552333333333333","267.6","0.543666666666667","8.5245642","0.544666666666667","9.17222480803513","0.593","0.0646","0.565666666666667","1.836","0.502333333333333","0.0939084","0.558","14.4906129107599","0.583","14.8324798881937"
"Pm 002 (20) 08-Jul-24_18-29-58_00395xypts.csv","Pm","002","20","08-Jul-24","18.3399405917846","0.021","7.22935144395442","0.0743333333333333","0.301","0.0453333333333333","1755","0.0213333333333333","28.774206","0.0226666666666667","11.1379965046235","0.0823333333333333","0.071","0.0126666666666667","5.4","0.00433333333333333","0.269037","0.00666666666666667","18.3212351186542","0.082","15.1808594180346"
"Pm 002 (20) 08-Jul-24_18-42-43_00397xypts.csv","Pm","002","20","08-Jul-24","15.3157595903808","0.394333333333333","6.7992664396648","0.434666666666667","0.311","0.399333333333333","342","0.396666666666667","17.7440106","0.397666666666667","8.40375417495075","0.432333333333333","0.0703","0.411","4.29","0.463666666666667","0.1229334","0.404666666666667","15.190871308957","0.434333333333333","12.4804340904483"
"Pm 002 (20) 08-Jul-24_18-45-02_00398xypts.csv","Pm","002","20","08-Jul-24","11.6146345889334","0.182666666666667","6.16922892637136","0.224","0.369","0.201","429","0.184666666666667","25.61142","0.199333333333333","6.58556421566525","0.244","0.0362","0.191666666666667","1.518","0.163","0.0371778","0.165666666666667","12.5867373339228","0.224333333333333","8.66883640519069"
"Pm 002 (20) 08-Jul-24_18-47-47_00399xypts.csv","Pm","002","20","08-Jul-24","6.59366603764312","0.0366666666666667","4.02256560582165","0.0606666666666667","0.305","0.04","795","0.037","32.87436","0.07","4.71499253766456","0.0666666666666667","0.0445","0.052","1.983","0.0796666666666667","0.0633681","0.047","8.54497051126846","0.062","4.97832064210138"
"Pm 002 (25) 22-Jul-24_18-22-58_00517xypts.csv","Pm","002","25","22-Jul-24","9.00607680936748","0.075","5.34803820477469","0.113","0.28","0.0846666666666667","327","0.077","9.3876408","0.092","5.40315067380077","0.136666666666667","0.0386","0.0956666666666667","1.587","0.0883333333333333","0.0504075","0.0893333333333333","10.5091090717954","0.113333333333333","7.45336173784306"
"Pm 002 (25) 22-Jul-24_18-28-13_00519xypts.csv","Pm","002","25","22-Jul-24","11.2131313711835","0.0343333333333333","4.69302244367894","0.0596666666666667","0.326","0.046","306","0.044","18.884475","0.062","8.43031403250766","0.059","0.111","0.0283333333333333","7.14","0.0206666666666667","0.587292","0.023","13.1192561088032","0.0596666666666667","5.13939524422796"
"Pm 002 (25) 22-Jul-24_18-30-51_00520xypts.csv","Pm","002","25","22-Jul-24","11.3295136021951","0.206666666666667","5.90484879597102","0.237666666666667","0.293","0.219333333333333","276","0.209","18.079236","0.24","9.86638295913212","0.266666666666667","0.0783","0.224666666666667","5.43","0.252666666666667","0.1798335","0.219333333333333","14.1794210500617","0.238333333333333","8.95614671197457"
"Pm 002 (25) 22-Jul-24_18-33-15_00521xypts.csv","Pm","002","25","22-Jul-24","9.74570012972499","0.000333333333333333","2.25511383770997","0.0216666666666667","0.3","0.0113333333333333","432","0.00933333333333333","22.322322","0.01","9.12123264611097","0.0493333333333333","0.125","0.0163333333333333","8.82","0.00133333333333333","0.61488","0.00533333333333333","10.9572992575038","0.0343333333333333","9.74570012972499"
"Pm 002 (25) 22-Jul-24_18-40-18_00523xypts.csv","Pm","002","25","22-Jul-24","9.76505449173364","0.0586666666666667","6.46823233078698","0.0916666666666667","0.399","0.0753333333333333","972","0.059","26.1435924","0.074","8.58914292936735","0.121666666666667","0.064","0.0803333333333333","3.63","0.108666666666667","0.1384956","0.073","13.0742247600293","0.0923333333333333","8.43734805265464"
"Pm 003 (05) 07-Oct-24_18-21-52_00727xypts.csv","Pm","003","05","07-Oct-24","5.79352659145762","0.089","5.33742504555477","0.139666666666667","0.18","0.109333333333333","792","0.0893333333333333","12.1169772","0.0896666666666667","3.11967397317841","0.184","0.0507","0.146","5.94","0.139","0.196875","0.141333333333333","7.35885085697118","0.159333333333333","4.95235311905727"
"Pm 003 (05) 07-Oct-24_18-28-09_00729xypts.csv","Pm","003","05","07-Oct-24","15.2965933742071","0.178","5.61570050049066","0.252333333333333","0.189","0.191333333333333","195.6","0.188666666666667","6.1532226","0.189333333333333","12.773246983733","0.284666666666667","0.0429","0.222","1.044","0.183666666666667","0.0287361","0.208666666666667","17.6878535447259","0.279","12.8499990021477"
"Pm 003 (05) 07-Oct-24_18-30-09_00730xypts.csv","Pm","003","05","07-Oct-24","18.7358910474676","0.161","5.80749984155499","0.272666666666667","0.196","0.179666666666667","315","0.162666666666667","6.663789","0.163666666666667","17.019787723299","0.343666666666667","0.0651","0.234","0.936","0.201","0.042687","0.203333333333333","22.6588643716214","0.273666666666667","18.2251357492188"
"Pm 003 (05) 07-Oct-24_18-34-36_00731xypts.csv","Pm","003","05","07-Oct-24","7.92290951497526","0.150333333333333","5.62922768218813","0.245","0.204","0.169333333333333","249","0.167","8.6726484","0.168","4.39078484271","0.264","0.0237","0.207","2.04","0.178666666666667","0.0181152","0.201333333333333","9.71962031925001","0.245333333333333","6.91989262961119"
"Pm 003 (05) 07-Oct-24_18-36-47_00732xypts.csv","Pm","003","05","07-Oct-24","9.30786023513737","0.190666666666667","4.92270073030018","0.261333333333333","0.237","0.215333333333333","278.1","0.213","11.2987746","0.214","6.96127618112399","0.327666666666667","0.0306","0.242666666666667","2.856","0.197666666666667","0.0599256","0.199666666666667","10.9679337947507","0.285666666666667","9.22232410041385"
"Pm 003 (05) 12-Mar-25_16_52_10_01213xypts.csv","Pm","003","05","12-Mar-25","16.6722362708543","0.112333333333333","1.91625477572425","0.134666666666667","0.175","0.124666666666667","142.2","0.113333333333333","4.720911","0.123","13.0521036781637","0.150666666666667","0.0628","0.115666666666667","2.769","0.067","0.1050852","0.0703333333333333","14.5102800994147","0.143","7.6868233344001"
"Pm 003 (05) 12-Mar-25_16-57-35_01215xypts.csv","Pm","003","05","12-Mar-25","10.7861527802474","0.029","4.81317303800782","0.100333333333333","0.15","0.0476666666666667","158.4","0.0453333333333333","4.1953035","0.0463333333333333","7.79955037977988","0.143","0.054","0.108333333333333","4.83","0.101333333333333","0.189216","0.104","10.7956640405487","0.123","9.86856454975654"
"Pm 003 (05) 12-Mar-25_17-02-54_01217xypts.csv","Pm","003","05","12-Mar-25","17.5613890822389","0.0696666666666667","4.02691466062704","0.139666666666667","0.116","0.096","232.8","0.103","3.6504168","0.07","11.0616163628017","0.171","0.0469","0.0926666666666667","4.26","0.037","0.100386","0.04","14.2092966328042","0.143333333333333","15.1253828534716"
"Pm 003 (05) 12-Mar-25_17-04-48_01218xypts.csv","Pm","003","05","12-Mar-25","22.2906603344874","0.205333333333333","4.78939281250357","0.293333333333333","0.127","0.229","189","0.205666666666667","3.39905592","0.227333333333333","14.5545490662395","0.29","0.0573","0.252","3.45","0.157333333333333","0.0975918","0.247666666666667","19.3294309320655","0.293333333333333","18.80235138198"
"Pm 003 (10) 07-Aug-24_17-55-05_00598xypts.csv","Pm","003","10","07-Aug-24","13.3413187642275","0.0616666666666667","5.5560573695786","0.111","0.266","0.0706666666666667","426","0.062","10.2398313","0.078","10.0754946715042","0.118333333333333","0.0654","0.095","2.826","0.136333333333333","0.0853074","0.087","15.2695739831837","0.111666666666667","11.6096654676298"
"Pm 003 (10) 07-Aug-24_17-57-14_00599xypts.csv","Pm","003","10","07-Aug-24","9.95522562196515","0.0676666666666667","5.85076606280135","0.11","0.243","0.0886666666666667","203.1","0.068","7.6181094","0.087","6.20694008073069","0.135333333333333","0.0472","0.102","3.93","0.0566666666666667","0.104838","0.0936666666666667","10.790540526822","0.116333333333333","9.36778381568297"
"Pm 003 (10) 07-Aug-24_18_03_02_00601xypts.csv","Pm","003","10","07-Aug-24","5.6950265958294","0.0556666666666667","3.76942158603423","0.101","0.156","0.067","173.4","0.0586666666666667","3.884925","0.0656666666666667","4.47953605631369","0.131666666666667","0.0295","0.0923333333333333","1.32","0.0376666666666667","0.0184965","0.078","7.43029005256","0.103","4.91174269968581"
"Pm 003 (10) 07-Aug-24_18_05_13_00602xypts.csv","Pm","003","10","07-Aug-24","11.8499176074945","0.0516666666666667","4.51069292182987","0.106","0.195","0.061","262.8","0.0536666666666667","6.3972042","0.0546666666666667","9.10508532582719","0.117666666666667","0.0599","0.086","3.42","0.151","0.1071105","0.0783333333333333","13.2501749940518","0.107666666666667","10.4902438833721"
"Pm 003 (15) 14-Mar-25_19-42-48_01247xypts.csv","Pm","003","15","14-Mar-25","5.32604241446093","0.031","2.07859522291506","0.0553333333333333","0.293","0.0526666666666667","408","0.0506666666666667","19.317426","0.0513333333333333","7.41173978282222","0.0833333333333333","0.0512","0.0416666666666667","2.427","0.000666666666666667","0.0684648","0.0346666666666667","8.67510046140249","0.075","3.08700484746283"
"Pm 003 (15) 15-Jul-24_18-33-01_00462xypts.csv","Pm","003","15","15-Jul-24","15.527848232946","0.438333333333333","5.19007949568488","0.482333333333333","0.435","0.468","621","0.466","42.999264","0.466666666666667","16.9158609679235","0.519333333333333","0.0865","0.466","1.941","0.442","0.1270431","0.443333333333333","21.6175963206665","0.494333333333333","10.9834239348179"
"Pm 003 (15) 15-Jul-24_18-36-44_00463xypts.csv","Pm","003","15","15-Jul-24","5.74327209815926","0.064","4.21878746396841","0.102","0.273","0.0793333333333333","283.5","0.0683333333333333","9.7227","0.078","2.0219549624371","0.126666666666667","0.0243","0.0863333333333333","2.97","0.0373333333333333","0.0416556","0.0806666666666667","5.80675818784538","0.102333333333333","5.64643301595101"
"Pm 003 (20) 05-Mar-25_18_23_52_01164xypts.csv","Pm","003","20","05-Mar-25","11.7990418771436","0.0403333333333333","3.37149236563421","0.0843333333333333","0.19","0.0453333333333333","450","0.0433333333333333","12.1326","0.0443333333333333","7.34956019417355","0.0813333333333333","0.0585","0.061","1.98","0.051","0.0929196","0.0526666666666667","10.7045900620027","0.084","9.27564194350757"
"Pm 003 (20) 05-Mar-25_18_26_39_01165xypts.csv","Pm","003","20","05-Mar-25","5.05439394326309","0.0443333333333333","3.56354327167553","0.0713333333333333","0.248","0.0583333333333333","140.4","0.0663333333333333","3.7265364","0.0563333333333333","3.00349298046877","0.099","0.0313","0.059","2.235","0.04","0.0419328","0.042","6.41485554859928","0.072","4.56552480606053"
"Pm 003 (20) 05-Mar-25_18_28_35_01166xypts.csv","Pm","003","20","05-Mar-25","15.0572340702198","0.501333333333333","3.43075945248097","0.541","0.167","0.533","315","0.503","7.583706","0.503666666666667","13.1924190906252","0.558333333333333","0.0667","0.527","1.551","0.501","0.0766314","0.520666666666667","15.9840024298631","0.553333333333333","10.0173502514838"
"Pm 003 (20) 05-Mar-25_18-19-46_01162xypts.csv","Pm","003","20","05-Mar-25","15.2264589703486","0.0306666666666667","5.70865081011335","0.0873333333333333","0.201","0.0636666666666667","293.4","0.0616666666666667","9.8763519","0.0626666666666667","11.9804143431638","0.0866666666666667","0.0788","0.0543333333333333","2.739","0.0346666666666667","0.1384128","0.0366666666666667","17.6870909100483","0.0873333333333333","13.2413726816763"
"Pm 003 (20) 05-Mar-25_18-21-51_01163xypts.csv","Pm","003","20","05-Mar-25","12.847966317121","0.119666666666667","4.24365303259934","0.159333333333333","0.195","0.121666666666667","489","0.12","13.482144","0.153","7.40706418245348","0.175","0.0476","0.144","1.428","0.203","0.0455712","0.133666666666667","11.4284554701462","0.174333333333333","11.3768584073731"
"Pm 003 (20) 08-Jul-24_18_51_44_00400xypts.csv","Pm","003","20","08-Jul-24","13.7671251990568","0.232333333333333","5.28055316295624","0.271","0.198","0.236333333333333","324","0.232666666666667","7.460718","0.234333333333333","9.81515225553519","0.278","0.0575","0.249666666666667","2.136","0.216","0.080784","0.218","15.0029312403927","0.271666666666667","9.35582808564068"
"Pm 003 (20) 08-Jul-24_18-57-33_00401xypts.csv","Pm","003","20","08-Jul-24","6.3742397759385","0.207666666666667","3.96217818277391","0.239666666666667","0.292","0.214","208.8","0.208","9.4198005","0.212","5.44556031682324","0.249666666666667","0.0712","0.207333333333333","4.47","0.287666666666667","0.218115","0.200666666666667","9.3577000771458","0.24","6.11719940769119"
"Pm 003 (25) 19-Mar-25_16_58_57_01263xypts.csv","Pm","003","25","19-Mar-25","21.6431149396459","0.088","3.61130892876421","0.129","0.145","0.094","237.3","0.116333333333333","3.8464497","0.0923333333333333","14.4534260150612","0.142333333333333","0.094","0.108666666666667","15.66","0.043","0.38346","0.103","17.6890015074645","0.139333333333333","16.3419373339777"
"Pm 003 (25) 22-Jul-24_18-51-09_00525xypts.csv","Pm","003","25","22-Jul-24","21.119119257231","0.393666666666667","6.19645363716034","0.425333333333333","0.28","0.396666666666667","516","0.394","17.460972","0.395333333333333","19.9249244000312","0.425666666666667","0.059","0.412","6.03","0.457","0.085995","0.408","26.1201426284701","0.425666666666667","8.97459400417577"
"Pm 003 (25) 22-Jul-24_18-54-43_00527xypts.csv","Pm","003","25","22-Jul-24","12.0340883416037","0.247666666666667","4.12882784912812","0.269","0.319","0.249333333333333","471","0.248","33.861588","0.28","7.8869966483704","0.282333333333333","0.0729","0.260333333333333","2.742","0.23","0.1505424","0.254","11.7798943197599","0.277333333333333","7.92447549433936"
"Pm 003 (25) 24-Mar-25_22_48_19_01317xypts.csv","Pm","003","25","24-Mar-25","12.6575982313037","0.064","4.94345737287783","0.113666666666667","0.267","0.092","363","0.0643333333333333","11.2604655","0.0903333333333333","10.969010541061","0.147","0.0521","0.0793333333333333","1.386","0.0263333333333333","0.05772","0.0743333333333333","14.3809577043314","0.115","9.14356276118301"
"Pm 003 (25) 24-Mar-25_22_50_47_01318xypts.csv","Pm","003","25","24-Mar-25","4.95168430180382","0.067","3.16470285335957","0.100666666666667","0.169","0.077","108.6","0.0673333333333333","2.6913597","0.075","6.53919807882908","0.106","0.0428","0.0556666666666667","2.544","0.045","0.0753972","0.0483333333333333","9.59313915644844","0.101666666666667","2.46970287044354"
"Pm 003 (25) 24-Mar-25_22_53_59_01319xypts.csv","Pm","003","25","24-Mar-25","16.6945446586026","0.0583333333333333","3.96455403782361","0.104","0.166","0.0673333333333333","141","0.0586666666666667","2.9063394","0.0653333333333333","9.76985623411073","0.119333333333333","0.066","0.0756666666666667","2.148","0.0503333333333333","0.0959769","0.052","13.6321589813031","0.107","13.9299859060096"
"Pm 003 (25) 24-Mar-25_22-45-06_01316xypts.csv","Pm","003","25","24-Mar-25","13.6467098991623","0.04","4.69300914617773","0.092","0.165","0.0566666666666667","375","0.0733333333333333","6.746889","0.043","11.6970035122341","0.114","0.0569","0.0726666666666667","1.71","0.0243333333333333","0.0529482","0.0543333333333333","15.5258371105396","0.103666666666667","11.4001744055593"
"Pm 003 (25) 24-Mar-25_23-00-33_01321xypts.csv","Pm","003","25","24-Mar-25","18.273405480957","0.071","4.69817765776505","0.112666666666667","0.181","0.088","357","0.0713333333333333","5.6901894","0.0866666666666667","13.2292064002274","0.151","0.0756","0.0636666666666667","3.27","0.0243333333333333","0.1463868","0.0546666666666667","17.4891550768397","0.122666666666667","10.2882027176473"
"Pm 004 (10) 07-Aug-24_18-19-00_00603xypts.csv","Pm","004","10","07-Aug-24","5.32699877938634","0.0713333333333333","1.98956263151824","0.1","0.216","0.0773333333333333","180.3","0.0913333333333333","7.8514542","0.076","2.67556138222051","0.105","0.023","0.076","2.322","0.043","0.014763","0.0673333333333333","4.62195757376297","0.100333333333333","3.95211620081285"
"Pm 004 (10) 07-Aug-24_18-25-36_00604xypts.csv","Pm","004","10","07-Aug-24","13.3877856984733","0.14","6.08600113436861","0.211666666666667","0.168","0.152666666666667","166.2","0.173333333333333","3.9720969","0.160666666666667","9.89216262004874","0.310333333333333","0.038","0.181666666666667","1.455","0.149","0.0357417","0.151333333333333","14.5036719091431","0.215","11.9210402988382"
"Pm 004 (10) 07-Aug-24_18-41-11_00605xypts.csv","Pm","004","10","07-Aug-24","15.8353120616898","0.061","5.28511289235024","0.135","0.185","0.0836666666666667","204.3","0.0626666666666667","6.2600892","0.0823333333333333","9.73116315559149","0.148666666666667","0.0423","0.0966666666666667","1.05","0.0546666666666667","0.0210516","0.075","14.8395822394619","0.149","13.9559402328727"
"Pm 004 (10) 07-Aug-24_18-42-54_00606xypts.csv","Pm","004","10","07-Aug-24","20.1545746220771","0.179333333333333","3.89951417381166","0.250666666666667","0.145","0.207666666666667","264.6","0.179666666666667","4.7222406","0.18","18.3047079412134","0.271333333333333","0.0732","0.221666666666667","1.902","0.183","0.0891594","0.183666666666667","21.5251254632363","0.258333333333333","15.3401175067647"
"Pm 004 (15) 15-Jul-24_18_54_16_00468xypts.csv","Pm","004","15","15-Jul-24","15.1398210948611","0.0496666666666667","5.08880163387831","0.114","0.203","0.065","155.7","0.0736666666666667","5.2597314","0.0743333333333333","11.5111620896193","0.110666666666667","0.0743","0.0733333333333333","1.866","0.062","0.11574","0.065","16.5906252572173","0.113666666666667","12.4164860819875"
"Pm 004 (15) 15-Jul-24_18-50-44_00466xypts.csv","Pm","004","15","15-Jul-24","10.7272680950176","0.037","6.01562078899666","0.091","0.234","0.046","209.4","0.0703333333333333","4.4874","0.039","7.2106332553866","0.0973333333333333","0.108","0.0603333333333333","11.37","0.0413333333333333","0.671058","0.056","13.1149856633519","0.0916666666666667","10.8449969334064"
"Pm 004 (15) 15-Jul-24_18-52-34_00467xypts.csv","Pm","004","15","15-Jul-24","25.334433472131","0.56","6.25265951597099","0.612","0.188","0.579","327","0.560333333333333","7.7331198","0.569333333333333","28.4603970745433","0.63","0.113","0.59","2.319","0.686333333333333","0.1844262","0.555333333333333","34.3569184626547","0.631","19.1179872607076"
"Pm 004 (15) 15-Jul-24_18-57-11_00469xypts.csv","Pm","004","15","15-Jul-24","23.0853496587857","0.0796666666666667","113.957498589153","0.2","-0.201","0.113","33","0.113","0.74463417","0.0933333333333333","19.533068474243","0.143666666666667","0.0895","0.100666666666667","1.968","0.0523333333333333","0.10056","0.093","132.711873415912","0.2","15.9446564623252"
"Pm 004 (20) 08-Jul-24_19-15-35_00406xypts.csv","Pm","004","20","08-Jul-24","18.3985444492776","0.0496666666666667","5.33378953709159","0.107","0.266","0.0543333333333333","438","0.052","17.291448","0.053","20.5150305106307","0.116","0.0925","0.054","3.03","0.0293333333333333","0.2079","0.0303333333333333","25.5807487837504","0.108666666666667","13.5551425247253"
"Pm 004 (20) 08-Jul-24_19-19-01_00407xypts.csv","Pm","004","20","08-Jul-24","15.8013880887754","0.0426666666666667","4.97558019458303","0.0893333333333333","0.284","0.046","498","0.043","15.862959","0.044","11.4881456990056","0.0953333333333333","0.0661","0.0593333333333333","1.869","0.00766666666666667","0.0634311","0.046","16.3480950212532","0.0896666666666667","11.3624296917714"
"Pm 004 (20) 08-Jul-24_19-21-57_00405xypts.csv","Pm","004","20","08-Jul-24","11.2073672953642","0.150666666666667","4.14810338289323","0.183333333333333","0.275","0.155333333333333","393","0.152666666666667","16.30422","0.153666666666667","15.2128143246092","0.213333333333333","0.0941","0.167666666666667","2.403","0.160666666666667","0.200976","0.161666666666667","16.9382540323665","0.192333333333333","6.58778481790329"
"Pm 004 (20) 08-Jul-24_19-21-57_00408xypts.csv","Pm","004","20","08-Jul-24","33.6784180250427","0.0266666666666667","7.04250160364576","0.117333333333333","0.392","0.0476666666666667","630","0.06","34.075155","0.0463333333333333","18.5117496895896","0.0956666666666667","0.0954","0.0473333333333333","5.37","0.000666666666666667","0.205662","0.00433333333333333","25.267351300177","0.117333333333333","29.1861099095363"
"Pm 004 (20) 08-Jul-24_19-24-04_00409xypts.csv","Pm","004","20","08-Jul-24","17.1435309644148","0.0743333333333333","6.09883297254716","0.130333333333333","0.235","0.106333333333333","303","0.104","11.7405342","0.105","16.7211433460545","0.132333333333333","0.0824","0.100666666666667","2.367","0.052","0.1087809","0.0536666666666667","22.8122733953579","0.130666666666667","11.497727012866"
"Pm 004 (25) 22-Jul-24_19_07_13_00529xypts.csv","Pm","004","25","22-Jul-24","18.3837630357761","0.083","5.21791796831654","0.129","0.269","0.0873333333333333","435","0.0836666666666667","15.1643373","0.0856666666666667","20.2688776386469","0.160333333333333","0.0938","0.106333333333333","2.745","0.0513333333333333","0.1660068","0.069","23.8509397869229","0.132333333333333","12.020473332437"
"Pm 004 (25) 22-Jul-24_19-09-04_00530xypts.csv","Pm","004","25","22-Jul-24","3.37876031690138","0.065","2.770990849381","0.08","0.241","0.0723333333333333","366","0.0693333333333333","12.6956025","0.0706666666666667","3.08492311422548","0.104","0.0205","0.0553333333333333","1.734","0.049","0.025632","0.0506666666666667","5.12236726559029","0.0806666666666667","1.91752833114749"
"Pm 004 (25) 22-Jul-24_19-10-30_00531xypts.csv","Pm","004","25","22-Jul-24","4.74819430487197","0.014","2.40494341828646","0.0253333333333333","0.17","0.0183333333333333","253.5","0.0153333333333333","6.125301","0.017","2.81108995613184","0.0366666666666667","0.0408","0.0123333333333333","3.45","0.002","0.088434","0.00533333333333333","4.94593834271662","0.0286666666666667","3.54154958432822"
"Pm 004 (25) 22-Jul-24_19-12-21_00532xypts.csv","Pm","004","25","22-Jul-24","13.5285688312455","0.289","6.18390878861072","0.333","0.216","0.305333333333333","348","0.289333333333333","7.5406602","0.322333333333333","4.04599957011278","0.255","0.0152","0.306333333333333","2.43","0.3","0.0323712","0.267666666666667","9.33077476772408","0.333333333333333","9.3736364273362"
"pm 005 (05) 06-Aug-24_18-23-22_00582xypts.csv","pm","005","05","06-Aug-24","7.95427528934931","0.0396666666666667","3.82501497939309","0.0803333333333333","0.274","0.0433333333333333","603","0.0413333333333333","22.0215","0.0423333333333333","6.34199273235257","0.0956666666666667","0.0472","0.0716666666666667","3.45","0.135333333333333","0.106974","0.125","10.0645429281904","0.098","6.77140949011289"
"Pm 005 (05) 26-Mar-25_16_56_13_01326xypts.csv","Pm","005","05","26-Mar-25","7.24401406321578","0.0813333333333333","3.20343293380374","0.139666666666667","0.0959","0.0943333333333333","54.3","0.092","1.10848752","0.0926666666666667","5.33462439110173","0.151333333333333","0.025","0.127666666666667","1.2","0.0423333333333333","0.01683","0.118666666666667","8.4743563500268","0.147333333333333","5.67780327220389"
"Pm 005 (05) 26-Mar-25_16-50-20_01324xypts.csv","Pm","005","05","26-Mar-25","7.5712364650329","0.026","3.47220413070237","0.083","0.228","0.058","235.2","0.0263333333333333","9.1862064","0.0263333333333333","5.72558962454538","0.153","0.0296","0.0653333333333333","1.332","0.00266666666666667","0.024327","0.059","8.31535088372531","0.100333333333333","6.68062831405527"
"Pm 005 (05) 26-Mar-25_16-53-12_01325xypts.csv","Pm","005","05","26-Mar-25","6.82393640170395","0.0153333333333333","3.37930557172597","0.0813333333333333","0.133","0.0206666666666667","169.8","0.018","3.6011385","0.019","3.77521317969751","0.126","0.0293","0.0616666666666667","1.08","0.117666666666667","0.0241629","0.0533333333333333","6.76861552929755","0.0816666666666667","6.75256749596887"
"Pm 005 (05) 30-Jul-24_17-53-27_00558xypts.csv","Pm","005","05","30-Jul-24","6.86672305877551","0.0166666666666667","4.99140513519925","0.08","0.208","0.02","366","0.0173333333333333","10.9288965","0.0186666666666667","7.15723296555757","0.101333333333333","0.0435","0.0523333333333333","2.964","0.046","0.099546","0.0473333333333333","11.5974815768476","0.0936666666666667","6.33561718002813"
"Pm 005 (05) 30-Jul-24_17-57-18_00559xypts.csv","Pm","005","05","30-Jul-24","11.9988992475385","0.0526666666666667","4.87143118978429","0.135666666666667","0.223","0.056","471","0.053","11.2570584","0.0546666666666667","10.0319642634448","0.124666666666667","0.0605","0.103333333333333","8.34","0.033","0.151632","0.0346666666666667","14.6203990957882","0.128333333333333","10.5397267735771"
"Pm 005 (05) 30-Jul-24_17-59-33_00560xypts.csv","Pm","005","05","30-Jul-24","11.7320572448588","0.123666666666667","5.48729783114215","0.189666666666667","0.209","0.138","342","0.124","9.7080744","0.124333333333333","9.8122590188073","0.235666666666667","0.0494","0.173666666666667","2.019","0.104666666666667","0.0524796","0.165333333333333","14.2228222217938","0.199333333333333","10.3120810105053"
"Pm 005 (10) 17-Sep-24_19-02-26_00632xypts.csv","Pm","005","10","17-Sep-24","10.6926342101319","0.049","4.57840246786101","0.115","0.215","0.0536666666666667","192.9","0.0493333333333333","6.0250824","0.051","8.43588236287487","0.109","0.0576","0.0893333333333333","2.892","0.0663333333333333","0.103062","0.0686666666666667","12.9035806540355","0.114","8.42682795125312"
"Pm 005 (10) 17-Sep-24_19-09-05_00633xypts.csv","Pm","005","10","17-Sep-24","6.53472308800302","0.092","4.63182899272757","0.141","0.171","0.096","153.9","0.0933333333333333","4.6737102","0.094","3.25472625955751","0.162666666666667","0.0237","0.123333333333333","1.656","0.067","0.0194025","0.117333333333333","7.77749849535136","0.141333333333333","5.57349926809959"
"Pm 005 (10) 17-Sep-24_19-11-20_00634xypts.csv","Pm","005","10","17-Sep-24","5.13904505061974","0.0113333333333333","3.79897001770142","0.059","0.214","0.015","327","0.0123333333333333","10.5139782","0.0136666666666667","2.30303361034642","0.0836666666666667","0.0162","0.045","0.927","0.0973333333333333","0.0062061","0.0413333333333333","5.83580112807384","0.0663333333333333","4.89745989142279"
"Pm 005 (10) 17-Sep-24_19-19-16_00635xypts.csv","Pm","005","10","17-Sep-24","8.0308052139063","0.0306666666666667","4.52955030837462","0.091","0.148","0.043","191.1","0.0313333333333333","4.2088488","0.0413333333333333","6.26802973508896","0.0906666666666667","0.0468","0.0746666666666667","14.85","0.018","0.13563","0.0223333333333333","10.7975253231679","0.091","6.92256055133177"
"Pm 005 (15) 05-Mar-25_19_18_29_01172xypts.csv","Pm","005","15","05-Mar-25","9.17084297895157","0.0123333333333333","3.84513339732507","0.07","0.193","0.016","483","0.014","12.923712","0.015","5.72278926942734","0.0843333333333333","0.0429","0.0366666666666667","4.14","0.117666666666667","0.091908","0.0923333333333333","9.44523119596997","0.0703333333333333","8.546170096353"
"Pm 005 (15) 05-Mar-25_19_21_00_01173xypts.csv","Pm","005","15","05-Mar-25","9.84150363972561","0.0743333333333333","2.58602769955185","0.117","0.152","0.105666666666667","672","0.0746666666666667","3.250872","0.104","8.20881977289222","0.114","0.0632","0.0716666666666667","3.3","0.0646666666666667","0.169809","0.0663333333333333","10.7881768305994","0.115666666666667","6.29945183643811"
"Pm 005 (15) 05-Mar-25_19-18-29_01172xypts.csv","Pm","005","15","05-Mar-25","8.5621313891867","0.0123333333333333","3.84513339732507","0.07","0.193","0.016","483","0.014","12.923712","0.015","5.72278926942734","0.0843333333333333","0.0429","0.0366666666666667","4.14","0.117666666666667","0.091908","0.0923333333333333","9.44523119596997","0.0703333333333333","NaN"
"Pm 005 (15) 05-Mar-25_19-24-00_01174xypts.csv","Pm","005","15","05-Mar-25","6.88967711017873","0.019","3.15508323733962","0.0586666666666667","0.198","0.023","210","0.0203333333333333","6.9804","0.0213333333333333","5.44615290199477","0.071","0.0404","0.0463333333333333","3.42","0.109666666666667","0.0683082","0.096","8.55974344558324","0.0686666666666667","5.8555794938283"
"Pm 005 (15) 07-Oct-24_17_47_31_00723xypts.csv","Pm","005","15","07-Oct-24","8.15306688495287","0.067","3.67078050084355","0.1","0.163","0.0936666666666667","171.6","0.0693333333333333","4.0114032","0.0706666666666667","8.17419019518944","0.106","0.0781","0.0846666666666667","4.2","0.0766666666666667","0.250971","0.0783333333333333","11.6903474704098","0.101333333333333","5.76102778818727"
"Pm 005 (15) 15-Jul-24_18-57-11_00469xypts.csv","Pm","005","15","15-Jul-24","22.4395098737235","0.0423333333333333","6.05955572340155","0.109","0.18","0.0716666666666667","230.1","0.0433333333333333","7.0185429","0.0443333333333333","18.6378189888622","0.103","0.0919","0.0576666666666667","3.12","0.000333333333333333","0.1109376","0.0503333333333333","24.6078419233007","0.105666666666667","15.750954688665"
"Pm 005 (15) 15-Jul-24_19-15-29_00472xypts.csv","Pm","005","15","15-Jul-24","14.4554771392808","0.241","4.46361727629015","0.282666666666667","0.183","0.261","339","0.241333333333333","5.03586","0.242333333333333","12.1871619157955","0.292333333333333","0.0733","0.263666666666667","3.81","0.324","0.1294731","0.244666666666667","16.4047311235371","0.289","10.6318503047772"
"Pm 005 (20) 08-Jul-24_19-26-16_00410xypts.csv","Pm","005","20","08-Jul-24","13.7269332067993","0.066","4.66231487517274","0.0986666666666667","0.33","0.0713333333333333","378","0.0693333333333333","22.250025","0.07","14.3703022222881","0.109333333333333","0.0895","0.0783333333333333","10.68","0.013","0.1456344","0.0433333333333333","18.6565390388259","0.0993333333333333","7.05855932059967"
"Pm 005 (20) 08-Jul-24_19-35-34_00413xypts.csv","Pm","005","20","08-Jul-24","11.7326010228927","0.041","5.31764702351245","0.0746666666666667","0.275","0.044","504","0.0413333333333333","16.1214","0.0423333333333333","9.06493025294746","0.0796666666666667","0.0901","0.06","4.98","0.106333333333333","0.314814","0.0533333333333333","14.2438113547785","0.0763333333333333","9.24120223274816"
"Pm 005 (20) 21-Oct-24_17-41-49_00802xypts.csv","Pm","005","20","21-Oct-24","13.2374020953215","0.018","4.61778076563416","0.0693333333333333","0.231","0.0303333333333333","255.9","0.0183333333333333","10.2082533","0.0286666666666667","9.19275211419406","0.0673333333333333","0.0769","0.0213333333333333","3.84","0.00433333333333333","0.193356","0.0153333333333333","13.8016917015363","0.0686666666666667","10.9138697407564"
"Pm 005 (20) 21-Oct-24_17-46-40_00804xypts.csv","Pm","005","20","21-Oct-24","17.7584919612515","0.0756666666666667","4.63233913366082","0.112333333333333","0.249","0.0786666666666667","456","0.076","13.266915","0.077","9.85802439234373","0.117333333333333","0.072","0.0876666666666667","4.95","0.0403333333333333","0.1434948","0.0793333333333333","14.3752411966287","0.113666666666667","15.3973548803137"
"Pm 005 (20) 21-Oct-24_17-49-45_00806xypts.csv","Pm","005","20","21-Oct-24","20.4989842474009","0.208666666666667","6.39856900873001","0.256666666666667","0.269","0.231333333333333","336","0.229","14.8727394","0.229666666666667","21.1529926950451","0.265666666666667","0.114","0.245","7.56","0.166333333333333","0.42744","0.242","27.2604817143203","0.262","14.7035576399245"
"Pm 005 (20) 21-Oct-24_17-51-58_00808xypts.csv","Pm","005","20","21-Oct-24","13.7335432342501","0.233333333333333","4.89773259358075","0.272666666666667","0.3","0.237666666666667","525","0.233666666666667","15.9925119","0.236","12.7455388116709","0.295333333333333","0.0895","0.245333333333333","2.553","0.215333333333333","0.183219","0.237333333333333","16.9649545410283","0.273","10.788576368439"
"Pm 005 (25) 22-Jul-24_19-21-03_00534xypts.csv","Pm","005","25","22-Jul-24","10.8972762971358","0.038","5.17985909665342","0.0673333333333333","0.26","0.0416666666666667","279.9","0.039","20.1155184","0.0713333333333333","9.6090305445131","0.074","0.0906","0.0566666666666667","3.33","0.048","0.246558","0.0493333333333333","14.41659809924","0.0693333333333333","8.62429702953522"
"Pm 005 (25) 22-Jul-24_19-22-39_00535xypts.csv","Pm","005","25","22-Jul-24","7.75952911216237","0.0513333333333333","3.86570449758459","0.0726666666666667","0.305","0.0626666666666667","369","0.052","13.6007277","0.0606666666666667","5.23304100450985","0.0836666666666667","0.0564","0.066","2.358","0.0576666666666667","0.1074183","0.0593333333333333","8.51335840264577","0.0756666666666667","6.7768772121463"
"Pm 005 (25) 22-Jul-24_19-24-29_00536xypts.csv","Pm","005","25","22-Jul-24","12.2786926469471","0.0336666666666667","3.31835964720649","0.0543333333333333","0.3","0.037","471","0.034","20.7447516","0.0643333333333333","12.1971511415769","0.0676666666666667","0.105","0.0346666666666667","6.21","0.0246666666666667","0.452328","0.0273333333333333","14.1705297143957","0.0623333333333333","8.58825386927473"
"Pm 005 (25) 22-Jul-24_19-26-22_00537xypts.csv","Pm","005","25","22-Jul-24","17.4196617055016","0.342","5.00174489045944","0.387666666666667","0.243","0.363333333333333","259.5","0.344333333333333","8.7569118","0.361666666666667","13.0245896960888","0.381333333333333","0.11","0.353666666666667","3.99","0.326","0.220542","0.331","17.93008493808","0.387333333333333","14.229639891644"
"Pm 005 (25) 22-Jul-24_19-28-35_00538xypts.csv","Pm","005","25","22-Jul-24","12.0315845847851","0.355333333333333","5.1404795501785","0.386666666666667","0.309","0.358666666666667","444","0.355666666666667","38.995506","0.388666666666667","10.8387231044843","0.398","0.0943","0.370666666666667","4.98","0.359666666666667","0.340032","0.362333333333333","14.8610078325196","0.388333333333333","10.6980304912493"
"Pm 006 (05) 12-Feb-25_18_09_23_01009xypts.csv","Pm","006","05","12-Feb-25","5.75391324458426","0.118","2.16527393502877","0.17","0.113","0.131333333333333","103.8","0.151333333333333","1.28955411","0.129","3.34817908889553","0.221333333333333","0.0165","0.126","3.75","0.057","0.0108054","0.120333333333333","5.10766319857836","0.171","4.47001730543405"
"Pm 006 (05) 12-Feb-25_18_14_56_01011xypts.csv","Pm","006","05","12-Feb-25","7.17538702432277","0.0893333333333333","3.1459798127118","0.151666666666667","0.195","0.106333333333333","220.8","0.0903333333333333","6.262416","0.105","2.62436231415747","0.205666666666667","0.0213","0.0543333333333333","7.26","0.0496666666666667","0.068901","0.0506666666666667","5.64819309186533","0.155666666666667","6.38235052750607"
"Pm 006 (05) 12-Feb-25_18_41_09_01017xypts.csv","Pm","006","05","12-Feb-25","6.45842678647553","0.108","3.54059161137998","0.171333333333333","0.147","0.118333333333333","102.9","0.116","3.034812","0.116333333333333","1.3149232184416","0.229","0.0156","0.145","1.44","0.136","0.0139878","0.139333333333333","4.74976328353193","0.172333333333333","6.4928785918588"
"Pm 006 (05) 17-Feb-25_18-27-06_01016xypts.csv","Pm","006","05","17-Feb-25","10.6162620745902","0.112666666666667","2.71938908315536","0.172666666666667","0.165","0.137333333333333","266.4","0.135","6.7891869","0.136","7.4350032931289","0.216666666666667","0.0285","0.125","0.981","0.015","0.0122553","0.119","9.72984925710593","0.172666666666667","7.25003093248024"
"Pm 006 (05) 24-Mar-25_18_43_33_01308xypts.csv","Pm","006","05","24-Mar-25","2.86390081192807","0.0993333333333333","2.18917249023066","0.151333333333333","0.113","0.102333333333333","243.6","0.0996666666666667","2.81370783","0.100333333333333","1.03851006830833","0.184333333333333","0.00647","0.0983333333333333","0.702","0.092","0.00306","0.0943333333333333","3.06266882332439","0.152","2.55255555126239"
"Pm 006 (05) 24-Mar-25_18-27-50_01304xypts.csv","Pm","006","05","24-Mar-25","8.32834372045503","0.0503333333333333","3.17972099269835","0.0986666666666667","0.252","0.0536666666666667","298.8","0.0506666666666667","11.1765345","0.052","4.94434403735811","0.142666666666667","0.02","0.0686666666666667","1.413","0.128333333333333","0.014547","0.0116666666666667","7.49391269841705","0.1","6.18545863365394"
"Pm 006 (05) 24-Mar-25_18-31-27_01305xypts.csv","Pm","006","05","24-Mar-25","3.14788115977699","0.0183333333333333","2.89214533468122","0.074","0.189","0.0246666666666667","158.7","0.022","5.546094","0.023","2.50915987570433","0.0933333333333333","0.0211","0.0403333333333333","1.572","0.0346666666666667","0.0253872","0.036","5.19690513262437","0.0856666666666667","2.85224830816334"
"Pm 006 (05) 24-Mar-25_18-38-50_01307xypts.csv","Pm","006","05","24-Mar-25","3.93513604657433","0.07","2.49867862073966","0.119666666666667","0.166","0.079","171.3","0.0703333333333333","5.1246108","0.0703333333333333","3.43365494824614","0.189333333333333","0.0135","0.0763333333333333","0.903","0.166666666666667","0.007176","0.0713333333333333","5.29005805668901","0.132","2.70646209884089"
"Pm 006 (10) 07-Aug-24_18-53-44_00607xypts.csv","Pm","006","10","07-Aug-24","8.73322195785752","0.00366666666666667","4.11231629155603","0.0583333333333333","0.185","0.008","191.4","0.00566666666666667","6.1365195","0.00633333333333333","5.26720087186867","0.0666666666666667","0.0419","0.032","2.244","0.0856666666666667","0.0404622","0.0743333333333333","9.28146191759149","0.064","8.60396910775843"
"Pm 006 (10) 07-Aug-24_18-55-29_00608xypts.csv","Pm","006","10","07-Aug-24","7.03815457368992","0.101666666666667","4.37205032235801","0.151666666666667","0.167","0.117666666666667","321","0.102","5.5829904","0.103333333333333","4.75807059151024","0.140333333333333","0.0478","0.0946666666666667","4.53","0.086","0.139788","0.0886666666666667","8.90226614780708","0.150333333333333","5.07492989124627"
"Pm 006 (10) 07-Aug-24_18-58-30_00609xypts.csv","Pm","006","10","07-Aug-24","11.0364503543926","0.0186666666666667","4.24201509791824","0.074","0.14","0.0216666666666667","205.2","0.019","3.69183384","0.0196666666666667","7.52433316762998","0.139","0.0399","0.049","2.52","0.001","0.0427086","0.004","10.8526610084826","0.0743333333333333","9.68664409507609"
"Pm 006 (10) 07-Aug-24_19-00-42_00610xypts.csv","Pm","006","10","07-Aug-24","9.64825527753216","0.0606666666666667","3.34340381692924","0.116666666666667","0.345","0.0686666666666667","732","0.061","26.677593","0.0673333333333333","8.60161850881608","0.133666666666667","0.0426","0.081","2.49","0.156333333333333","0.0631377","0.141","11.5756645037548","0.117666666666667","7.71296242080429"
"Pm 006 (10) 14-Oct-24_18_24_16_00757xypts.csv","Pm","006","10","14-Oct-24","5.61380140570693","0.0846666666666667","2.6411184934608","0.116333333333333","0.157","0.0876666666666667","188.7","0.085","4.3009236","0.086","5.50137271272336","0.120333333333333","0.0436","0.0606666666666667","11.49","0.0366666666666667","0.0640953","0.0546666666666667","8.09033608332147","0.117","3.28877820019367"
"Pm 006 (10) 28-Apr-25_16-49-07_01438xypts.csv","Pm","006","10","28-Apr-25","6.33734901173762","0.196666666666667","1.51572366994868","0.220333333333333","0.112","0.198333333333333","157.5","0.197","4.37322891","0.23","6.89962540585348","0.293","0.0237","0.166666666666667","0.654","0.121","0.0105885","0.154666666666667","8.06502128185795","0.286666666666667","1.83635433565834"
"Pm 006 (10) 28-Apr-25_16-54-03_01440xypts.csv","Pm","006","10","28-Apr-25","11.0427114914951","0.192333333333333","3.01214072434353","0.252","0.153","0.195","252.9","0.192666666666667","5.11896","0.193333333333333","7.55667114819658","0.244","0.0293","0.155333333333333","3.3","0.125","0.0624666","0.127333333333333","10.4719547640173","0.251333333333333","5.7926968937865"
"Pm 006 (15) 05-Mar-25_17-55-30_01156xypts.csv","Pm","006","15","05-Mar-25","7.20854036119496","0.0823333333333333","3.3315903247754","0.117","0.196","0.113","468","0.0826666666666667","9.500823","0.0836666666666667","2.86224623827435","0.133666666666667","0.0164","0.0843333333333333","1.32","0.0236666666666667","0.00997632","0.0256666666666667","5.98723407211341","0.117","6.16649787746318"
"Pm 006 (15) 05-Mar-25_17-57-51_01157xypts.csv","Pm","006","15","05-Mar-25","6.10541093010383","0.0563333333333333","2.54776096502244","0.111666666666667","0.192","0.0846666666666667","167.1","0.063","4.8618486","0.0826666666666667","5.11910684138973","0.107333333333333","0.0256","0.0723333333333333","0.846","0.00866666666666667","0.013284","0.0256666666666667","7.63900081855762","0.111666666666667","3.75181255980884"
"Pm 006 (15) 05-Mar-25_18-00-04_01158xypts.csv","Pm","006","15","05-Mar-25","10.7724533910941","0.164","2.48382803579094","0.195333333333333","0.175","0.193","339","0.164333333333333","7.0000947","0.191666666666667","8.14632929809063","0.211333333333333","0.0669","0.160666666666667","5.19","0.153333333333333","0.253206","0.155","10.517951130986","0.208666666666667","7.56936567346418"
"Pm 006 (15) 05-Mar-25_18-02-05_01159xypts.csv","Pm","006","15","05-Mar-25","16.9110762542672","0.106","3.9687786524003","0.188666666666667","0.227","0.125666666666667","324","0.123333333333333","11.9678958","0.124333333333333","10.1541033474604","0.164666666666667","0.0486","0.0756666666666667","5.82","0.0653333333333333","0.140847","0.07","14.0875288226931","0.160666666666667","12.9411250533256"
"Pm 006 (15) 05-Mar-25_18-04-10_01160xypts.csv","Pm","006","15","05-Mar-25","5.62201422895237","0.091","2.27261179613759","0.117333333333333","0.229","0.0993333333333333","192","0.0973333333333333","8.6400732","0.098","5.76010479507031","0.168","0.0237","0.0906666666666667","0.843","0.135333333333333","0.0125316","0.0673333333333333","7.36020205144321","0.146","3.23343992940032"
"Pm 006 (15) 12-Feb-25_18-30-58_01012xypts.csv","Pm","006","15","12-Feb-25","7.60735279400192","0.100666666666667","2.01781585751249","0.131333333333333","0.168","0.103666666666667","399","0.101","6.7132335","0.102","5.86236071857904","0.143666666666667","0.0426","0.099","2.172","0.0916666666666667","0.0727638","0.093","7.77820092899217","0.139666666666667","4.47677437916256"
"Pm 006 (15) 17-Mar-25_19_26_22_01254xypts.csv","Pm","006","15","17-Mar-25","6.02761412049157","0.0476666666666667","1.17863494887255","0.068","0.0883","0.0583333333333333","75","0.0563333333333333","1.29240444","0.0566666666666667","4.51569605241334","0.0896666666666667","0.0324","0.0463333333333333","1.752","0.01","0.0264132","0.0383333333333333","5.32913162408005","0.07","3.74445391084742"
"Pm 006 (20) 10-Jul-24_17_29_44_00418xypts.csv","Pm","006","20","10-Jul-24","6.21759573075171","0.0406666666666667","4.34377551898464","0.0686666666666667","0.254","0.0456666666666667","205.2","0.0423333333333333","9.0093696","0.0433333333333333","3.5097642064301","0.0696666666666667","0.0326","0.053","4.41","0.0116666666666667","0.036225","0.0766666666666667","7.85056589436501","0.0686666666666667","5.00016098030485"
"Pm 006 (20) 10-Jul-24_17_33_01_00419xypts.csv","Pm","006","20","10-Jul-24","8.75743461508057","0.057","2.51072557855758","0.0823333333333333","0.268","0.061","489","0.0903333333333333","31.483266","0.0873333333333333","6.73852775930741","0.0776666666666667","0.0601","0.059","2.544","0.0133333333333333","0.0804972","0.051","9.17160347422711","0.081","4.78404605253101"
"Pm 006 (20) 10-Jul-24_17-20-18_00416xypts.csv","Pm","006","20","10-Jul-24","4.46012366409248","0.189","2.3077896669748","0.208333333333333","0.336","0.193","396","0.190333333333333","21.517914","0.191333333333333","2.84470821824967","0.204","0.0295","0.173","2.424","0.164","0.048048","0.166333333333333","5.11944132996338","0.208333333333333","1.85892235542892"
"Pm 006 (20) 10-Jul-24_17-27-01_00417xypts.csv","Pm","006","20","10-Jul-24","18.5201762559709","0.0573333333333333","5.83104152025185","0.110666666666667","0.321","0.0863333333333333","399","0.0836666666666667","20.652012","0.0846666666666667","16.1008324610218","0.137666666666667","0.0873","0.0773333333333333","1.71","0.0323333333333333","0.0963585","0.0693333333333333","21.0834401650937","0.111333333333333","14.0782620719036"
"Pm 006 (20) 10-Jul-24_17-35-29_00420xypts.csv","Pm","006","20","10-Jul-24","7.43084271530566","0.0416666666666667","3.91608746987814","0.0663333333333333","0.25","0.051","174.9","0.0493333333333333","11.7612261","0.069","4.7493953800122","0.0703333333333333","0.0406","0.0426666666666667","2.82","0.0886666666666667","0.0539172","0.078","8.63618980758999","0.0666666666666667","5.11310382442139"
"Pm 006 (25) 15-Jul-24_19_38_59_00479xypts.csv","Pm","006","25","15-Jul-24","9.5143355725219","0.0433333333333333","4.79210980586651","0.0753333333333333","0.29","0.057","298.5","0.045","11.8706688","0.0766666666666667","9.18733811386562","0.0803333333333333","0.0724","0.058","3.45","0.097","0.1160754","0.028","13.8226489734488","0.076","5.7416493543705"
"Pm 006 (25) 15-Jul-24_19-30-32_00476xypts.csv","Pm","006","25","15-Jul-24","12.8641829133505","0.129666666666667","4.39088317662018","0.168","0.457","0.150666666666667","657","0.148333333333333","46.189473","0.149333333333333","10.5020409979764","0.174","0.0674","0.143","2.283","0.105333333333333","0.0950544","0.133","14.8170473217833","0.171666666666667","10.0042087094422"
"Pm 006 (25) 15-Jul-24_19-43-02_00481xypts.csv","Pm","006","25","15-Jul-24","13.7315012752339","0.043","5.93836763444449","0.0723333333333333","0.261","0.058","462","0.0456666666666667","16.691466","0.0463333333333333","15.9173913406252","0.134666666666667","0.102","0.0646666666666667","8.34","0.117666666666667","0.2322","0.121","19.9797035274122","0.100333333333333","9.46634230135802"
"Pm 006 (25) 19-Mar-25_17_22_48_01267xypts.csv","Pm","006","25","19-Mar-25","10.191758910232","0.0756666666666667","2.60635122268043","0.111666666666667","0.228","0.0803333333333333","253.2","0.0773333333333333","9.0652959","0.0783333333333333","6.31913850990848","0.121666666666667","0.0313","0.08","1.941","0.0406666666666667","0.0288288","0.043","8.7728925069456","0.113","7.3714422326149"
"Pm 006 (25) 19-Mar-25_17-18-36_01266xypts.csv","Pm","006","25","19-Mar-25","2.9838354816389","0.09","1.84988100734717","0.142","0.141","0.0966666666666667","450","0.0946666666666667","14.83335","0.0916666666666667","7.53968423726785","0.153333333333333","0.0383","0.0926666666666667","2.049","0.058","0.0375732","0.0613333333333333","9.27101658348568","0.142333333333333","1.09230736232175"
