pt1_cam1_X,pt1_cam1_Y,pt2_cam1_X,pt2_cam1_Y,pt3_cam1_X,pt3_cam1_Y
NaN,NaN,NaN,NaN,NaN,NaN
NaN,NaN,NaN,NaN,NaN,NaN
NaN,NaN,NaN,NaN,NaN,NaN
NaN,NaN,NaN,NaN,NaN,NaN
NaN,NaN,NaN,NaN,NaN,NaN
NaN,NaN,NaN,NaN,NaN,NaN
NaN,NaN,NaN,NaN,NaN,NaN
NaN,NaN,NaN,NaN,NaN,NaN
NaN,NaN,NaN,NaN,NaN,NaN
NaN,NaN,NaN,NaN,NaN,NaN
NaN,NaN,NaN,NaN,NaN,NaN
NaN,NaN,NaN,NaN,NaN,NaN
NaN,NaN,NaN,NaN,NaN,NaN
NaN,NaN,NaN,NaN,NaN,NaN
NaN,NaN,NaN,NaN,NaN,NaN
NaN,NaN,NaN,NaN,NaN,NaN
NaN,NaN,NaN,NaN,NaN,NaN
NaN,NaN,NaN,NaN,NaN,NaN
NaN,NaN,NaN,NaN,NaN,NaN
NaN,NaN,NaN,NaN,NaN,NaN
NaN,NaN,NaN,NaN,NaN,NaN
NaN,NaN,NaN,NaN,NaN,NaN
NaN,NaN,NaN,NaN,NaN,NaN
NaN,NaN,NaN,NaN,NaN,NaN
NaN,NaN,NaN,NaN,NaN,NaN
NaN,NaN,NaN,NaN,NaN,NaN
NaN,NaN,NaN,NaN,NaN,NaN
NaN,NaN,NaN,NaN,NaN,NaN
NaN,NaN,NaN,NaN,NaN,NaN
NaN,NaN,NaN,NaN,NaN,NaN
NaN,NaN,NaN,NaN,NaN,NaN
NaN,NaN,NaN,NaN,NaN,NaN
NaN,NaN,NaN,NaN,NaN,NaN
NaN,NaN,NaN,NaN,NaN,NaN
NaN,NaN,NaN,NaN,NaN,NaN
NaN,NaN,NaN,NaN,NaN,NaN
NaN,NaN,NaN,NaN,NaN,NaN
NaN,NaN,NaN,NaN,NaN,NaN
NaN,NaN,NaN,NaN,NaN,NaN
NaN,NaN,NaN,NaN,NaN,NaN
NaN,NaN,NaN,NaN,NaN,NaN
NaN,NaN,NaN,NaN,NaN,NaN
NaN,NaN,NaN,NaN,NaN,NaN
NaN,NaN,NaN,NaN,NaN,NaN
NaN,NaN,NaN,NaN,NaN,NaN
NaN,NaN,NaN,NaN,NaN,NaN
NaN,NaN,NaN,NaN,NaN,NaN
NaN,NaN,NaN,NaN,NaN,NaN
NaN,NaN,NaN,NaN,NaN,NaN
NaN,NaN,NaN,NaN,NaN,NaN
NaN,NaN,NaN,NaN,NaN,NaN
NaN,NaN,NaN,NaN,NaN,NaN
NaN,NaN,NaN,NaN,NaN,NaN
NaN,NaN,NaN,NaN,NaN,NaN
NaN,NaN,NaN,NaN,NaN,NaN
NaN,NaN,NaN,NaN,NaN,NaN
NaN,NaN,NaN,NaN,NaN,NaN
NaN,NaN,NaN,NaN,NaN,NaN
NaN,NaN,NaN,NaN,NaN,NaN
NaN,NaN,NaN,NaN,NaN,NaN
NaN,NaN,NaN,NaN,NaN,NaN
NaN,NaN,NaN,NaN,NaN,NaN
NaN,NaN,NaN,NaN,NaN,NaN
NaN,NaN,NaN,NaN,NaN,NaN
NaN,NaN,NaN,NaN,NaN,NaN
NaN,NaN,NaN,NaN,NaN,NaN
NaN,NaN,NaN,NaN,NaN,NaN
NaN,NaN,NaN,NaN,NaN,NaN
NaN,NaN,NaN,NaN,NaN,NaN
NaN,NaN,NaN,NaN,NaN,NaN
NaN,NaN,NaN,NaN,NaN,NaN
NaN,NaN,NaN,NaN,NaN,NaN
NaN,NaN,NaN,NaN,NaN,NaN
NaN,NaN,NaN,NaN,NaN,NaN
NaN,NaN,NaN,NaN,NaN,NaN
NaN,NaN,NaN,NaN,NaN,NaN
NaN,NaN,NaN,NaN,NaN,NaN
NaN,NaN,NaN,NaN,NaN,NaN
NaN,NaN,NaN,NaN,NaN,NaN
NaN,NaN,NaN,NaN,NaN,NaN
NaN,NaN,NaN,NaN,NaN,NaN
NaN,NaN,NaN,NaN,NaN,NaN
NaN,NaN,NaN,NaN,NaN,NaN
NaN,NaN,NaN,NaN,NaN,NaN
NaN,NaN,NaN,NaN,NaN,NaN
NaN,NaN,NaN,NaN,NaN,NaN
NaN,NaN,NaN,NaN,NaN,NaN
NaN,NaN,NaN,NaN,NaN,NaN
NaN,NaN,NaN,NaN,NaN,NaN
NaN,NaN,NaN,NaN,NaN,NaN
NaN,NaN,NaN,NaN,NaN,NaN
NaN,NaN,NaN,NaN,NaN,NaN
NaN,NaN,NaN,NaN,NaN,NaN
NaN,NaN,NaN,NaN,NaN,NaN
NaN,NaN,NaN,NaN,NaN,NaN
NaN,NaN,NaN,NaN,NaN,NaN
NaN,NaN,NaN,NaN,NaN,NaN
NaN,NaN,NaN,NaN,NaN,NaN
NaN,NaN,NaN,NaN,NaN,NaN
NaN,NaN,NaN,NaN,NaN,NaN
NaN,NaN,NaN,NaN,NaN,NaN
NaN,NaN,NaN,NaN,NaN,NaN
NaN,NaN,NaN,NaN,NaN,NaN
NaN,NaN,NaN,NaN,NaN,NaN
NaN,NaN,NaN,NaN,NaN,NaN
NaN,NaN,NaN,NaN,NaN,NaN
NaN,NaN,NaN,NaN,NaN,NaN
NaN,NaN,NaN,NaN,NaN,NaN
NaN,NaN,NaN,NaN,NaN,NaN
NaN,NaN,NaN,NaN,NaN,NaN
NaN,NaN,NaN,NaN,NaN,NaN
NaN,NaN,NaN,NaN,NaN,NaN
NaN,NaN,NaN,NaN,NaN,NaN
NaN,NaN,NaN,NaN,NaN,NaN
NaN,NaN,NaN,NaN,NaN,NaN
NaN,NaN,NaN,NaN,NaN,NaN
NaN,NaN,NaN,NaN,NaN,NaN
NaN,NaN,NaN,NaN,NaN,NaN
NaN,NaN,NaN,NaN,NaN,NaN
NaN,NaN,NaN,NaN,NaN,NaN
NaN,NaN,NaN,NaN,NaN,NaN
NaN,NaN,NaN,NaN,NaN,NaN
NaN,NaN,NaN,NaN,NaN,NaN
NaN,NaN,NaN,NaN,NaN,NaN
NaN,NaN,NaN,NaN,NaN,NaN
NaN,NaN,NaN,NaN,NaN,NaN
NaN,NaN,NaN,NaN,NaN,NaN
NaN,NaN,NaN,NaN,NaN,NaN
NaN,NaN,NaN,NaN,NaN,NaN
NaN,NaN,NaN,NaN,NaN,NaN
NaN,NaN,NaN,NaN,NaN,NaN
NaN,NaN,NaN,NaN,NaN,NaN
NaN,NaN,NaN,NaN,NaN,NaN
NaN,NaN,NaN,NaN,NaN,NaN
NaN,NaN,NaN,NaN,NaN,NaN
NaN,NaN,NaN,NaN,NaN,NaN
NaN,NaN,NaN,NaN,NaN,NaN
NaN,NaN,NaN,NaN,NaN,NaN
NaN,NaN,NaN,NaN,NaN,NaN
NaN,NaN,NaN,NaN,NaN,NaN
NaN,NaN,NaN,NaN,NaN,NaN
NaN,NaN,NaN,NaN,NaN,NaN
NaN,NaN,NaN,NaN,NaN,NaN
NaN,NaN,NaN,NaN,NaN,NaN
NaN,NaN,NaN,NaN,NaN,NaN
NaN,NaN,NaN,NaN,NaN,NaN
NaN,NaN,NaN,NaN,NaN,NaN
NaN,NaN,NaN,NaN,NaN,NaN
NaN,NaN,NaN,NaN,NaN,NaN
NaN,NaN,NaN,NaN,NaN,NaN
NaN,NaN,NaN,NaN,NaN,NaN
NaN,NaN,NaN,NaN,NaN,NaN
NaN,NaN,NaN,NaN,NaN,NaN
NaN,NaN,NaN,NaN,NaN,NaN
NaN,NaN,NaN,NaN,NaN,NaN
NaN,NaN,NaN,NaN,NaN,NaN
NaN,NaN,NaN,NaN,NaN,NaN
NaN,NaN,NaN,NaN,NaN,NaN
NaN,NaN,NaN,NaN,NaN,NaN
NaN,NaN,NaN,NaN,NaN,NaN
NaN,NaN,NaN,NaN,NaN,NaN
NaN,NaN,NaN,NaN,NaN,NaN
NaN,NaN,NaN,NaN,NaN,NaN
NaN,NaN,NaN,NaN,NaN,NaN
NaN,NaN,NaN,NaN,NaN,NaN
NaN,NaN,NaN,NaN,NaN,NaN
NaN,NaN,NaN,NaN,NaN,NaN
NaN,NaN,NaN,NaN,NaN,NaN
NaN,NaN,NaN,NaN,NaN,NaN
NaN,NaN,NaN,NaN,NaN,NaN
NaN,NaN,NaN,NaN,NaN,NaN
NaN,NaN,NaN,NaN,NaN,NaN
NaN,NaN,NaN,NaN,NaN,NaN
NaN,NaN,NaN,NaN,NaN,NaN
NaN,NaN,NaN,NaN,NaN,NaN
NaN,NaN,NaN,NaN,NaN,NaN
NaN,NaN,NaN,NaN,NaN,NaN
NaN,NaN,NaN,NaN,NaN,NaN
NaN,NaN,NaN,NaN,NaN,NaN
NaN,NaN,NaN,NaN,NaN,NaN
NaN,NaN,NaN,NaN,NaN,NaN
NaN,NaN,NaN,NaN,NaN,NaN
NaN,NaN,NaN,NaN,NaN,NaN
NaN,NaN,NaN,NaN,NaN,NaN
NaN,NaN,NaN,NaN,NaN,NaN
NaN,NaN,NaN,NaN,NaN,NaN
NaN,NaN,NaN,NaN,NaN,NaN
NaN,NaN,NaN,NaN,NaN,NaN
NaN,NaN,NaN,NaN,NaN,NaN
NaN,NaN,NaN,NaN,NaN,NaN
NaN,NaN,NaN,NaN,NaN,NaN
NaN,NaN,NaN,NaN,NaN,NaN
NaN,NaN,NaN,NaN,NaN,NaN
NaN,NaN,NaN,NaN,NaN,NaN
NaN,NaN,NaN,NaN,NaN,NaN
NaN,NaN,NaN,NaN,NaN,NaN
NaN,NaN,NaN,NaN,NaN,NaN
NaN,NaN,NaN,NaN,NaN,NaN
NaN,NaN,NaN,NaN,NaN,NaN
NaN,NaN,NaN,NaN,NaN,NaN
NaN,NaN,NaN,NaN,NaN,NaN
NaN,NaN,NaN,NaN,NaN,NaN
NaN,NaN,NaN,NaN,NaN,NaN
NaN,NaN,NaN,NaN,NaN,NaN
NaN,NaN,NaN,NaN,NaN,NaN
NaN,NaN,NaN,NaN,NaN,NaN
NaN,NaN,NaN,NaN,NaN,NaN
NaN,NaN,NaN,NaN,NaN,NaN
NaN,NaN,NaN,NaN,NaN,NaN
NaN,NaN,NaN,NaN,NaN,NaN
NaN,NaN,NaN,NaN,NaN,NaN
NaN,NaN,NaN,NaN,NaN,NaN
NaN,NaN,NaN,NaN,NaN,NaN
NaN,NaN,NaN,NaN,NaN,NaN
NaN,NaN,NaN,NaN,NaN,NaN
NaN,NaN,NaN,NaN,NaN,NaN
NaN,NaN,NaN,NaN,NaN,NaN
NaN,NaN,NaN,NaN,NaN,NaN
NaN,NaN,NaN,NaN,NaN,NaN
NaN,NaN,NaN,NaN,NaN,NaN
NaN,NaN,NaN,NaN,NaN,NaN
NaN,NaN,NaN,NaN,NaN,NaN
NaN,NaN,NaN,NaN,NaN,NaN
NaN,NaN,NaN,NaN,NaN,NaN
NaN,NaN,NaN,NaN,NaN,NaN
NaN,NaN,NaN,NaN,NaN,NaN
NaN,NaN,NaN,NaN,NaN,NaN
NaN,NaN,NaN,NaN,NaN,NaN
NaN,NaN,NaN,NaN,NaN,NaN
NaN,NaN,NaN,NaN,NaN,NaN
NaN,NaN,NaN,NaN,NaN,NaN
NaN,NaN,NaN,NaN,NaN,NaN
NaN,NaN,NaN,NaN,NaN,NaN
NaN,NaN,NaN,NaN,NaN,NaN
NaN,NaN,NaN,NaN,NaN,NaN
NaN,NaN,NaN,NaN,NaN,NaN
NaN,NaN,NaN,NaN,NaN,NaN
NaN,NaN,NaN,NaN,NaN,NaN
NaN,NaN,NaN,NaN,NaN,NaN
NaN,NaN,NaN,NaN,NaN,NaN
NaN,NaN,NaN,NaN,NaN,NaN
NaN,NaN,NaN,NaN,NaN,NaN
NaN,NaN,NaN,NaN,NaN,NaN
NaN,NaN,NaN,NaN,NaN,NaN
NaN,NaN,NaN,NaN,NaN,NaN
NaN,NaN,NaN,NaN,NaN,NaN
NaN,NaN,NaN,NaN,NaN,NaN
NaN,NaN,NaN,NaN,NaN,NaN
NaN,NaN,NaN,NaN,NaN,NaN
NaN,NaN,NaN,NaN,NaN,NaN
NaN,NaN,NaN,NaN,NaN,NaN
NaN,NaN,NaN,NaN,NaN,NaN
NaN,NaN,NaN,NaN,NaN,NaN
NaN,NaN,NaN,NaN,NaN,NaN
NaN,NaN,NaN,NaN,NaN,NaN
NaN,NaN,NaN,NaN,NaN,NaN
NaN,NaN,NaN,NaN,NaN,NaN
NaN,NaN,NaN,NaN,NaN,NaN
NaN,NaN,NaN,NaN,NaN,NaN
NaN,NaN,NaN,NaN,NaN,NaN
NaN,NaN,NaN,NaN,NaN,NaN
NaN,NaN,NaN,NaN,NaN,NaN
NaN,NaN,NaN,NaN,NaN,NaN
NaN,NaN,NaN,NaN,NaN,NaN
NaN,NaN,NaN,NaN,NaN,NaN
NaN,NaN,NaN,NaN,NaN,NaN
NaN,NaN,NaN,NaN,NaN,NaN
NaN,NaN,NaN,NaN,NaN,NaN
NaN,NaN,NaN,NaN,NaN,NaN
NaN,NaN,NaN,NaN,NaN,NaN
NaN,NaN,NaN,NaN,NaN,NaN
NaN,NaN,NaN,NaN,NaN,NaN
NaN,NaN,NaN,NaN,NaN,NaN
NaN,NaN,NaN,NaN,NaN,NaN
NaN,NaN,NaN,NaN,NaN,NaN
NaN,NaN,NaN,NaN,NaN,NaN
NaN,NaN,NaN,NaN,NaN,NaN
NaN,NaN,NaN,NaN,NaN,NaN
NaN,NaN,NaN,NaN,NaN,NaN
NaN,NaN,NaN,NaN,NaN,NaN
NaN,NaN,NaN,NaN,NaN,NaN
NaN,NaN,NaN,NaN,NaN,NaN
NaN,NaN,NaN,NaN,NaN,NaN
NaN,NaN,NaN,NaN,NaN,NaN
NaN,NaN,NaN,NaN,NaN,NaN
NaN,NaN,NaN,NaN,NaN,NaN
NaN,NaN,NaN,NaN,NaN,NaN
NaN,NaN,NaN,NaN,NaN,NaN
NaN,NaN,NaN,NaN,NaN,NaN
NaN,NaN,NaN,NaN,NaN,NaN
NaN,NaN,NaN,NaN,NaN,NaN
NaN,NaN,NaN,NaN,NaN,NaN
NaN,NaN,NaN,NaN,NaN,NaN
NaN,NaN,NaN,NaN,NaN,NaN
NaN,NaN,NaN,NaN,NaN,NaN
NaN,NaN,NaN,NaN,NaN,NaN
NaN,NaN,NaN,NaN,NaN,NaN
NaN,NaN,NaN,NaN,NaN,NaN
NaN,NaN,NaN,NaN,NaN,NaN
NaN,NaN,NaN,NaN,NaN,NaN
NaN,NaN,NaN,NaN,NaN,NaN
NaN,NaN,NaN,NaN,NaN,NaN
NaN,NaN,NaN,NaN,NaN,NaN
NaN,NaN,NaN,NaN,NaN,NaN
NaN,NaN,NaN,NaN,NaN,NaN
NaN,NaN,NaN,NaN,NaN,NaN
NaN,NaN,NaN,NaN,NaN,NaN
NaN,NaN,NaN,NaN,NaN,NaN
NaN,NaN,NaN,NaN,NaN,NaN
NaN,NaN,NaN,NaN,NaN,NaN
NaN,NaN,NaN,NaN,NaN,NaN
NaN,NaN,NaN,NaN,NaN,NaN
NaN,NaN,NaN,NaN,NaN,NaN
NaN,NaN,NaN,NaN,NaN,NaN
NaN,NaN,NaN,NaN,NaN,NaN
NaN,NaN,NaN,NaN,NaN,NaN
NaN,NaN,NaN,NaN,NaN,NaN
NaN,NaN,NaN,NaN,NaN,NaN
NaN,NaN,NaN,NaN,NaN,NaN
NaN,NaN,NaN,NaN,NaN,NaN
NaN,NaN,NaN,NaN,NaN,NaN
NaN,NaN,NaN,NaN,NaN,NaN
NaN,NaN,NaN,NaN,NaN,NaN
NaN,NaN,NaN,NaN,NaN,NaN
NaN,NaN,NaN,NaN,NaN,NaN
NaN,NaN,NaN,NaN,NaN,NaN
NaN,NaN,NaN,NaN,NaN,NaN
NaN,NaN,NaN,NaN,NaN,NaN
NaN,NaN,NaN,NaN,NaN,NaN
NaN,NaN,NaN,NaN,NaN,NaN
NaN,NaN,NaN,NaN,NaN,NaN
NaN,NaN,NaN,NaN,NaN,NaN
NaN,NaN,NaN,NaN,NaN,NaN
NaN,NaN,NaN,NaN,183.680228,496.918752
NaN,NaN,NaN,NaN,184.000000,497.000000
NaN,NaN,NaN,NaN,184.000000,497.010000
NaN,NaN,NaN,NaN,183.990000,497.000000
NaN,NaN,NaN,NaN,183.980000,496.990000
NaN,NaN,NaN,NaN,184.020000,496.950000
NaN,NaN,NaN,NaN,184.010000,496.950000
NaN,NaN,NaN,NaN,184.010000,496.960000
NaN,NaN,NaN,NaN,184.000000,496.950000
NaN,NaN,NaN,NaN,184.010000,496.940000
NaN,NaN,NaN,NaN,184.000000,496.940000
NaN,NaN,NaN,NaN,184.010000,496.930000
NaN,NaN,NaN,NaN,184.030000,496.930000
NaN,NaN,NaN,NaN,184.010000,496.920000
NaN,NaN,NaN,NaN,184.030000,496.930000
NaN,NaN,NaN,NaN,184.020000,496.910000
NaN,NaN,NaN,NaN,184.030000,496.910000
NaN,NaN,NaN,NaN,184.040000,496.900000
NaN,NaN,NaN,NaN,184.040000,496.900000
NaN,NaN,NaN,NaN,184.020000,496.890000
NaN,NaN,NaN,NaN,184.040000,496.870000
NaN,NaN,NaN,NaN,184.030000,496.880000
NaN,NaN,NaN,NaN,184.040000,496.860000
NaN,NaN,NaN,NaN,184.040000,496.860000
NaN,NaN,NaN,NaN,184.040000,496.840000
NaN,NaN,NaN,NaN,184.060000,496.840000
NaN,NaN,NaN,NaN,184.060000,496.850000
NaN,NaN,NaN,NaN,184.060000,496.820000
NaN,NaN,NaN,NaN,184.060000,496.830000
NaN,NaN,NaN,NaN,184.100000,496.830000
NaN,NaN,NaN,NaN,184.100000,496.830000
NaN,NaN,NaN,NaN,184.090000,496.820000
NaN,NaN,NaN,NaN,184.110000,496.830000
NaN,NaN,NaN,NaN,184.080000,496.830000
NaN,NaN,NaN,NaN,184.130000,496.780000
NaN,NaN,NaN,NaN,184.120000,496.810000
NaN,NaN,NaN,NaN,184.130000,496.800000
NaN,NaN,NaN,NaN,184.110000,496.820000
NaN,NaN,NaN,NaN,184.120000,496.810000
NaN,NaN,NaN,NaN,184.130000,496.790000
NaN,NaN,NaN,NaN,184.120000,496.800000
NaN,NaN,NaN,NaN,184.160000,496.770000
NaN,NaN,NaN,NaN,184.160000,496.730000
NaN,NaN,NaN,NaN,184.160000,496.760000
NaN,NaN,NaN,NaN,184.170000,496.740000
NaN,NaN,NaN,NaN,184.170000,496.730000
NaN,NaN,NaN,NaN,184.190000,496.720000
NaN,NaN,NaN,NaN,184.190000,496.750000
NaN,NaN,NaN,NaN,184.230000,496.740000
NaN,NaN,NaN,NaN,184.220000,496.730000
NaN,NaN,NaN,NaN,184.200000,496.720000
NaN,NaN,NaN,NaN,184.210000,496.720000
NaN,NaN,NaN,NaN,184.190000,496.720000
NaN,NaN,NaN,NaN,184.220000,496.710000
NaN,NaN,NaN,NaN,184.240000,496.680000
NaN,NaN,NaN,NaN,184.260000,496.660000
NaN,NaN,NaN,NaN,184.250000,496.700000
NaN,NaN,NaN,NaN,184.270000,496.680000
NaN,NaN,NaN,NaN,184.260000,496.660000
NaN,NaN,NaN,NaN,184.250000,496.640000
NaN,NaN,NaN,NaN,184.240000,496.670000
NaN,NaN,NaN,NaN,184.250000,496.640000
NaN,NaN,NaN,NaN,184.270000,496.600000
NaN,NaN,NaN,NaN,184.300000,496.600000
NaN,NaN,NaN,NaN,184.310000,496.590000
NaN,NaN,NaN,NaN,184.310000,496.600000
NaN,NaN,NaN,NaN,184.290000,496.610000
NaN,NaN,NaN,NaN,184.310000,496.550000
NaN,NaN,NaN,NaN,184.300000,496.580000
NaN,NaN,NaN,NaN,184.320000,496.580000
NaN,NaN,NaN,NaN,184.330000,496.570000
NaN,NaN,NaN,NaN,184.330000,496.570000
NaN,NaN,NaN,NaN,184.370000,496.530000
NaN,NaN,NaN,NaN,184.540000,496.210000
NaN,NaN,NaN,NaN,185.040000,496.010000
NaN,NaN,NaN,NaN,185.030000,496.020000
NaN,NaN,NaN,NaN,185.080000,496.020000
NaN,NaN,NaN,NaN,185.060000,496.050000
NaN,NaN,NaN,NaN,185.050000,496.030000
NaN,NaN,NaN,NaN,185.070000,496.010000
NaN,NaN,NaN,NaN,185.050000,496.010000
NaN,NaN,NaN,NaN,185.070000,496.000000
NaN,NaN,NaN,NaN,185.090000,495.980000
NaN,NaN,NaN,NaN,185.100000,495.970000
NaN,NaN,NaN,NaN,185.100000,495.950000
NaN,NaN,NaN,NaN,185.090000,495.930000
NaN,NaN,NaN,NaN,185.090000,495.950000
NaN,NaN,NaN,NaN,185.140000,495.920000
NaN,NaN,NaN,NaN,185.140000,495.920000
NaN,NaN,NaN,NaN,185.140000,495.920000
NaN,NaN,NaN,NaN,185.130000,495.910000
NaN,NaN,NaN,NaN,185.110000,495.900000
NaN,NaN,NaN,NaN,185.130000,495.880000
NaN,NaN,NaN,NaN,185.120000,495.870000
NaN,NaN,NaN,NaN,185.120000,495.860000
NaN,NaN,NaN,NaN,185.110000,495.850000
NaN,NaN,NaN,NaN,185.120000,495.850000
NaN,NaN,NaN,NaN,185.130000,495.850000
NaN,NaN,NaN,NaN,185.120000,495.830000
NaN,NaN,NaN,NaN,185.110000,495.820000
NaN,NaN,NaN,NaN,185.140000,495.840000
NaN,NaN,NaN,NaN,185.140000,495.830000
NaN,NaN,NaN,NaN,185.180000,495.790000
NaN,NaN,NaN,NaN,185.160000,495.770000
NaN,NaN,NaN,NaN,185.190000,495.800000
NaN,NaN,NaN,NaN,185.170000,495.780000
NaN,NaN,NaN,NaN,185.160000,495.800000
NaN,NaN,NaN,NaN,185.180000,495.760000
NaN,NaN,NaN,NaN,185.160000,495.790000
NaN,NaN,NaN,NaN,185.210000,495.740000
NaN,NaN,NaN,NaN,185.190000,495.760000
NaN,NaN,NaN,NaN,185.190000,495.730000
NaN,NaN,NaN,NaN,185.160000,495.720000
NaN,NaN,NaN,NaN,185.200000,495.720000
NaN,NaN,NaN,NaN,185.220000,495.680000
NaN,NaN,NaN,NaN,185.260000,495.660000
NaN,NaN,NaN,NaN,185.260000,495.690000
NaN,NaN,NaN,NaN,185.280000,495.700000
NaN,NaN,NaN,NaN,185.220000,495.710000
NaN,NaN,NaN,NaN,185.270000,495.680000
NaN,NaN,NaN,NaN,185.260000,495.690000
NaN,NaN,NaN,NaN,185.280000,495.660000
NaN,NaN,NaN,NaN,185.280000,495.650000
NaN,NaN,NaN,NaN,185.290000,495.650000
NaN,NaN,NaN,NaN,185.330000,495.630000
NaN,NaN,NaN,NaN,185.290000,495.630000
NaN,NaN,NaN,NaN,185.300000,495.600000
NaN,NaN,NaN,NaN,185.340000,495.560000
NaN,NaN,NaN,NaN,185.300000,495.620000
NaN,NaN,NaN,NaN,185.310000,495.610000
NaN,NaN,NaN,NaN,185.300000,495.620000
NaN,NaN,NaN,NaN,185.300000,495.610000
NaN,NaN,NaN,NaN,185.320000,495.560000
NaN,NaN,NaN,NaN,185.340000,495.570000
NaN,NaN,NaN,NaN,185.340000,495.560000
NaN,NaN,NaN,NaN,185.350000,495.560000
NaN,NaN,NaN,NaN,185.350000,495.570000
NaN,NaN,NaN,NaN,185.340000,495.600000
NaN,NaN,NaN,NaN,185.340000,495.600000
NaN,NaN,NaN,NaN,185.350000,495.580000
NaN,NaN,NaN,NaN,185.410000,495.570000
NaN,NaN,NaN,NaN,185.410000,495.530000
NaN,NaN,NaN,NaN,185.620000,495.210000
NaN,NaN,NaN,NaN,186.140000,495.020000
NaN,NaN,NaN,NaN,186.660000,494.810000
NaN,NaN,NaN,NaN,186.650000,494.800000
NaN,NaN,NaN,NaN,186.670000,494.790000
NaN,NaN,NaN,NaN,186.730000,494.770000
NaN,NaN,NaN,NaN,186.700000,494.740000
NaN,NaN,NaN,NaN,186.690000,494.750000
NaN,NaN,NaN,NaN,186.680000,494.770000
NaN,NaN,NaN,NaN,186.630000,494.780000
NaN,NaN,NaN,NaN,186.680000,494.770000
NaN,NaN,NaN,NaN,186.690000,494.770000
NaN,NaN,NaN,NaN,186.710000,494.750000
NaN,NaN,NaN,NaN,186.740000,494.700000
NaN,NaN,NaN,NaN,186.730000,494.730000
NaN,NaN,NaN,NaN,186.740000,494.720000
NaN,NaN,NaN,NaN,186.750000,494.670000
NaN,NaN,NaN,NaN,186.740000,494.690000
NaN,NaN,NaN,NaN,186.760000,494.670000
NaN,NaN,NaN,NaN,186.770000,494.670000
NaN,NaN,NaN,NaN,186.770000,494.630000
NaN,NaN,NaN,NaN,186.800000,494.640000
NaN,NaN,NaN,NaN,186.830000,494.640000
NaN,NaN,NaN,NaN,186.840000,494.580000
NaN,NaN,NaN,NaN,186.820000,494.590000
NaN,NaN,NaN,NaN,186.820000,494.620000
NaN,NaN,NaN,NaN,186.840000,494.590000
NaN,NaN,NaN,NaN,186.800000,494.610000
NaN,NaN,NaN,NaN,186.830000,494.570000
NaN,NaN,NaN,NaN,186.830000,494.570000
NaN,NaN,NaN,NaN,186.820000,494.530000
NaN,NaN,NaN,NaN,186.950000,494.240000
NaN,NaN,NaN,NaN,186.980000,494.240000
NaN,NaN,NaN,NaN,186.970000,494.240000
NaN,NaN,NaN,NaN,186.990000,494.240000
NaN,NaN,NaN,NaN,186.990000,494.170000
NaN,NaN,NaN,NaN,187.010000,494.150000
NaN,NaN,NaN,NaN,187.020000,494.160000
NaN,NaN,NaN,NaN,187.000000,494.150000
NaN,NaN,NaN,NaN,187.000000,494.170000
NaN,NaN,NaN,NaN,187.000000,494.140000
NaN,NaN,NaN,NaN,187.000000,494.140000
NaN,NaN,NaN,NaN,187.010000,494.130000
NaN,NaN,NaN,NaN,186.990000,494.120000
NaN,NaN,NaN,NaN,187.010000,494.120000
NaN,NaN,NaN,NaN,187.030000,494.090000
NaN,NaN,NaN,NaN,187.020000,494.100000
NaN,NaN,NaN,NaN,187.040000,494.100000
NaN,NaN,NaN,NaN,187.040000,494.090000
NaN,NaN,NaN,NaN,187.040000,494.080000
NaN,NaN,NaN,NaN,187.080000,494.050000
NaN,NaN,NaN,NaN,187.100000,494.040000
NaN,NaN,NaN,NaN,187.090000,494.030000
NaN,NaN,NaN,NaN,187.120000,494.010000
NaN,NaN,NaN,NaN,187.110000,494.020000
NaN,NaN,NaN,NaN,187.110000,494.010000
NaN,NaN,NaN,NaN,187.120000,494.020000
NaN,NaN,NaN,NaN,187.110000,494.020000
NaN,NaN,NaN,NaN,187.110000,494.010000
NaN,NaN,NaN,NaN,187.110000,493.990000
NaN,NaN,NaN,NaN,187.110000,493.980000
NaN,NaN,NaN,NaN,187.100000,493.990000
NaN,NaN,NaN,NaN,187.120000,494.010000
NaN,NaN,NaN,NaN,187.130000,493.980000
NaN,NaN,NaN,NaN,187.140000,493.950000
NaN,NaN,NaN,NaN,187.170000,493.960000
NaN,NaN,NaN,NaN,187.160000,493.950000
NaN,NaN,NaN,NaN,187.150000,493.930000
NaN,NaN,NaN,NaN,187.150000,493.910000
NaN,NaN,NaN,NaN,187.140000,493.920000
NaN,NaN,NaN,NaN,187.150000,493.910000
NaN,NaN,NaN,NaN,187.130000,493.920000
NaN,NaN,NaN,NaN,187.160000,493.900000
NaN,NaN,NaN,NaN,187.170000,493.900000
NaN,NaN,NaN,NaN,187.150000,493.930000
NaN,NaN,NaN,NaN,187.160000,493.900000
NaN,NaN,NaN,NaN,187.150000,493.900000
NaN,NaN,NaN,NaN,187.150000,493.880000
NaN,NaN,NaN,NaN,187.160000,493.880000
NaN,NaN,NaN,NaN,187.130000,493.900000
NaN,NaN,NaN,NaN,187.170000,493.880000
NaN,NaN,NaN,NaN,187.180000,493.870000
NaN,NaN,NaN,NaN,187.160000,493.860000
NaN,NaN,NaN,NaN,187.130000,493.850000
NaN,NaN,NaN,NaN,187.120000,493.840000
NaN,NaN,NaN,NaN,187.160000,493.860000
NaN,NaN,NaN,NaN,187.180000,493.840000
NaN,NaN,NaN,NaN,187.180000,493.820000
NaN,NaN,NaN,NaN,187.160000,493.830000
NaN,NaN,NaN,NaN,187.150000,493.840000
NaN,NaN,NaN,NaN,187.180000,493.810000
NaN,NaN,NaN,NaN,187.190000,493.780000
NaN,NaN,NaN,NaN,187.210000,493.800000
NaN,NaN,NaN,NaN,187.190000,493.800000
NaN,NaN,NaN,NaN,187.200000,493.780000
NaN,NaN,NaN,NaN,187.190000,493.800000
NaN,NaN,NaN,NaN,187.180000,493.800000
NaN,NaN,NaN,NaN,187.190000,493.800000
NaN,NaN,NaN,NaN,187.190000,493.790000
NaN,NaN,NaN,NaN,187.190000,493.770000
NaN,NaN,NaN,NaN,187.210000,493.760000
NaN,NaN,NaN,NaN,187.230000,493.740000
NaN,NaN,NaN,NaN,187.220000,493.760000
NaN,NaN,NaN,NaN,187.230000,493.750000
NaN,NaN,NaN,NaN,187.250000,493.740000
NaN,NaN,NaN,NaN,187.220000,493.750000
NaN,NaN,NaN,NaN,187.260000,493.730000
NaN,NaN,NaN,NaN,187.260000,493.720000
NaN,NaN,NaN,NaN,187.240000,493.720000
NaN,NaN,NaN,NaN,187.240000,493.730000
NaN,NaN,NaN,NaN,187.250000,493.720000
NaN,NaN,NaN,NaN,187.240000,493.710000
NaN,NaN,NaN,NaN,187.260000,493.690000
NaN,NaN,NaN,NaN,187.250000,493.700000
NaN,NaN,NaN,NaN,187.270000,493.660000
NaN,NaN,NaN,NaN,187.250000,493.700000
NaN,NaN,NaN,NaN,187.290000,493.690000
NaN,NaN,NaN,NaN,187.280000,493.690000
NaN,NaN,NaN,NaN,187.290000,493.680000
NaN,NaN,NaN,NaN,187.260000,493.700000
NaN,NaN,NaN,NaN,187.310000,493.660000
NaN,NaN,NaN,NaN,187.270000,493.670000
NaN,NaN,NaN,NaN,187.300000,493.650000
NaN,NaN,NaN,NaN,187.280000,493.660000
NaN,NaN,NaN,NaN,187.260000,493.680000
NaN,NaN,NaN,NaN,187.270000,493.660000
NaN,NaN,NaN,NaN,187.280000,493.630000
NaN,NaN,NaN,NaN,187.260000,493.660000
NaN,NaN,NaN,NaN,187.300000,493.630000
NaN,NaN,NaN,NaN,187.270000,493.630000
NaN,NaN,NaN,NaN,187.280000,493.620000
NaN,NaN,NaN,NaN,187.360000,493.580000
NaN,NaN,NaN,NaN,187.330000,493.590000
NaN,NaN,NaN,NaN,187.340000,493.590000
NaN,NaN,NaN,NaN,187.340000,493.590000
NaN,NaN,NaN,NaN,187.330000,493.600000
NaN,NaN,NaN,NaN,187.310000,493.610000
NaN,NaN,NaN,NaN,187.300000,493.600000
NaN,NaN,NaN,NaN,187.310000,493.590000
NaN,NaN,NaN,NaN,187.290000,493.620000
NaN,NaN,NaN,NaN,187.320000,493.640000
NaN,NaN,NaN,NaN,187.340000,493.590000
NaN,NaN,NaN,NaN,187.320000,493.590000
NaN,NaN,NaN,NaN,187.330000,493.600000
NaN,NaN,NaN,NaN,187.350000,493.550000
NaN,NaN,NaN,NaN,187.340000,493.570000
NaN,NaN,NaN,NaN,187.330000,493.580000
NaN,NaN,NaN,NaN,187.330000,493.570000
NaN,NaN,NaN,NaN,187.320000,493.550000
NaN,NaN,NaN,NaN,187.310000,493.570000
NaN,NaN,NaN,NaN,187.320000,493.580000
NaN,NaN,NaN,NaN,187.330000,493.560000
NaN,NaN,NaN,NaN,187.310000,493.550000
NaN,NaN,NaN,NaN,187.280000,493.560000
NaN,NaN,NaN,NaN,187.300000,493.550000
NaN,NaN,NaN,NaN,187.290000,493.580000
NaN,NaN,NaN,NaN,187.340000,493.550000
NaN,NaN,NaN,NaN,187.300000,493.580000
NaN,NaN,NaN,NaN,187.290000,493.580000
NaN,NaN,NaN,NaN,187.290000,493.540000
NaN,NaN,NaN,NaN,187.290000,493.560000
NaN,NaN,NaN,NaN,187.340000,493.520000
NaN,NaN,NaN,NaN,187.590000,493.130000
NaN,NaN,NaN,NaN,188.090000,492.990000
NaN,NaN,NaN,NaN,188.510000,492.820000
NaN,NaN,NaN,NaN,188.510000,492.830000
NaN,NaN,NaN,NaN,188.550000,492.810000
NaN,NaN,NaN,NaN,188.550000,492.810000
NaN,NaN,NaN,NaN,188.550000,492.830000
NaN,NaN,NaN,NaN,188.580000,492.810000
NaN,NaN,NaN,NaN,188.620000,492.790000
NaN,NaN,NaN,NaN,188.600000,492.800000
NaN,NaN,NaN,NaN,188.590000,492.810000
NaN,NaN,NaN,NaN,188.610000,492.810000
NaN,NaN,NaN,NaN,188.570000,492.780000
NaN,NaN,NaN,NaN,188.600000,492.780000
NaN,NaN,NaN,NaN,188.620000,492.760000
NaN,NaN,NaN,NaN,188.600000,492.760000
NaN,NaN,NaN,NaN,188.600000,492.780000
NaN,NaN,NaN,NaN,188.580000,492.800000
NaN,NaN,NaN,NaN,188.590000,492.810000
NaN,NaN,NaN,NaN,188.620000,492.780000
NaN,NaN,NaN,NaN,188.620000,492.770000
NaN,NaN,NaN,NaN,188.630000,492.770000
NaN,NaN,NaN,NaN,188.620000,492.790000
NaN,NaN,NaN,NaN,188.570000,492.790000
NaN,NaN,NaN,NaN,188.600000,492.780000
NaN,NaN,NaN,NaN,188.560000,492.760000
NaN,NaN,NaN,NaN,188.530000,492.780000
NaN,NaN,NaN,NaN,188.080000,492.950000
NaN,NaN,NaN,NaN,188.080000,492.940000
NaN,NaN,NaN,NaN,188.070000,492.930000
NaN,NaN,NaN,NaN,188.070000,492.930000
NaN,NaN,NaN,NaN,188.100000,492.920000
NaN,NaN,NaN,NaN,188.070000,492.930000
NaN,NaN,NaN,NaN,188.100000,492.910000
NaN,NaN,NaN,NaN,188.120000,492.910000
NaN,NaN,NaN,NaN,188.120000,492.900000
NaN,NaN,NaN,NaN,188.120000,492.890000
NaN,NaN,NaN,NaN,188.090000,492.900000
NaN,NaN,NaN,NaN,188.110000,492.900000
NaN,NaN,NaN,NaN,188.090000,492.950000
NaN,NaN,NaN,NaN,188.080000,492.910000
NaN,NaN,NaN,NaN,188.090000,492.910000
NaN,NaN,NaN,NaN,188.110000,492.880000
NaN,NaN,NaN,NaN,188.110000,492.900000
NaN,NaN,NaN,NaN,188.110000,492.890000
NaN,NaN,NaN,NaN,188.100000,492.880000
NaN,NaN,NaN,NaN,188.100000,492.880000
NaN,NaN,NaN,NaN,188.080000,492.880000
NaN,NaN,NaN,NaN,188.110000,492.870000
NaN,NaN,NaN,NaN,188.100000,492.860000
NaN,NaN,NaN,NaN,188.090000,492.870000
NaN,NaN,NaN,NaN,188.080000,492.870000
NaN,NaN,NaN,NaN,188.090000,492.870000
NaN,NaN,NaN,NaN,188.120000,492.850000
NaN,NaN,NaN,NaN,188.130000,492.850000
NaN,NaN,NaN,NaN,188.090000,492.860000
NaN,NaN,NaN,NaN,188.100000,492.860000
NaN,NaN,NaN,NaN,188.100000,492.840000
NaN,NaN,NaN,NaN,188.110000,492.840000
NaN,NaN,NaN,NaN,188.130000,492.830000
NaN,NaN,NaN,NaN,188.140000,492.830000
NaN,NaN,NaN,NaN,188.110000,492.840000
NaN,NaN,NaN,NaN,188.100000,492.860000
NaN,NaN,NaN,NaN,188.120000,492.850000
NaN,NaN,NaN,NaN,188.100000,492.840000
NaN,NaN,NaN,NaN,188.120000,492.830000
NaN,NaN,NaN,NaN,188.130000,492.810000
NaN,NaN,NaN,NaN,188.120000,492.820000
NaN,NaN,NaN,NaN,188.110000,492.770000
NaN,NaN,NaN,NaN,188.130000,492.800000
NaN,NaN,NaN,NaN,188.090000,492.820000
NaN,NaN,NaN,NaN,188.100000,492.800000
NaN,NaN,NaN,NaN,188.080000,492.810000
NaN,NaN,NaN,NaN,188.080000,492.790000
NaN,NaN,NaN,NaN,188.090000,492.800000
NaN,NaN,NaN,NaN,188.100000,492.790000
NaN,NaN,NaN,NaN,188.100000,492.790000
NaN,NaN,NaN,NaN,188.100000,492.780000
NaN,NaN,NaN,NaN,188.140000,492.740000
NaN,NaN,NaN,NaN,188.150000,492.730000
NaN,NaN,NaN,NaN,188.130000,492.760000
NaN,NaN,NaN,NaN,188.120000,492.750000
NaN,NaN,NaN,NaN,188.130000,492.750000
NaN,NaN,NaN,NaN,188.090000,492.740000
NaN,NaN,NaN,NaN,188.100000,492.740000
NaN,NaN,NaN,NaN,188.120000,492.750000
NaN,NaN,NaN,NaN,188.120000,492.730000
NaN,NaN,NaN,NaN,188.130000,492.730000
NaN,NaN,NaN,NaN,188.140000,492.730000
NaN,NaN,NaN,NaN,188.140000,492.730000
NaN,NaN,NaN,NaN,188.130000,492.730000
NaN,NaN,NaN,NaN,188.120000,492.730000
NaN,NaN,NaN,NaN,188.120000,492.740000
NaN,NaN,NaN,NaN,188.130000,492.690000
NaN,NaN,NaN,NaN,188.110000,492.720000
NaN,NaN,NaN,NaN,188.140000,492.690000
NaN,NaN,NaN,NaN,188.130000,492.710000
NaN,NaN,NaN,NaN,188.140000,492.720000
NaN,NaN,NaN,NaN,188.130000,492.670000
NaN,NaN,NaN,NaN,188.170000,492.660000
NaN,NaN,NaN,NaN,188.150000,492.670000
NaN,NaN,NaN,NaN,188.150000,492.700000
NaN,NaN,NaN,NaN,188.140000,492.710000
NaN,NaN,NaN,NaN,188.150000,492.700000
NaN,NaN,NaN,NaN,188.160000,492.680000
NaN,NaN,NaN,NaN,188.160000,492.670000
NaN,NaN,NaN,NaN,188.170000,492.640000
NaN,NaN,NaN,NaN,188.180000,492.630000
NaN,NaN,NaN,NaN,188.150000,492.660000
NaN,NaN,NaN,NaN,188.160000,492.700000
NaN,NaN,NaN,NaN,188.170000,492.640000
NaN,NaN,NaN,NaN,188.140000,492.650000
NaN,NaN,NaN,NaN,188.160000,492.640000
NaN,NaN,NaN,NaN,188.180000,492.610000
NaN,NaN,NaN,NaN,188.190000,492.620000
NaN,NaN,NaN,NaN,188.190000,492.610000
NaN,NaN,NaN,NaN,188.160000,492.590000
NaN,NaN,NaN,NaN,188.200000,492.600000
NaN,NaN,NaN,NaN,188.210000,492.610000
NaN,NaN,NaN,NaN,188.190000,492.610000
NaN,NaN,NaN,NaN,188.170000,492.610000
NaN,NaN,NaN,NaN,188.210000,492.590000
NaN,NaN,NaN,NaN,188.180000,492.600000
NaN,NaN,NaN,NaN,188.230000,492.600000
NaN,NaN,NaN,NaN,188.240000,492.610000
NaN,NaN,NaN,NaN,188.210000,492.620000
NaN,NaN,NaN,NaN,188.230000,492.600000
NaN,NaN,NaN,NaN,188.210000,492.640000
NaN,NaN,NaN,NaN,188.180000,492.610000
NaN,NaN,NaN,NaN,188.220000,492.600000
NaN,NaN,NaN,NaN,188.210000,492.580000
NaN,NaN,NaN,NaN,188.200000,492.580000
NaN,NaN,NaN,NaN,188.210000,492.550000
NaN,NaN,NaN,NaN,188.220000,492.530000
NaN,NaN,NaN,NaN,188.220000,492.560000
NaN,NaN,NaN,NaN,188.210000,492.580000
NaN,NaN,NaN,NaN,188.230000,492.570000
NaN,NaN,NaN,NaN,188.220000,492.580000
NaN,NaN,NaN,NaN,188.180000,492.590000
NaN,NaN,NaN,NaN,188.180000,492.570000
NaN,NaN,NaN,NaN,188.200000,492.560000
NaN,NaN,NaN,NaN,188.190000,492.550000
NaN,NaN,NaN,NaN,188.200000,492.570000
NaN,NaN,NaN,NaN,188.240000,492.550000
NaN,NaN,NaN,NaN,188.250000,492.510000
NaN,NaN,NaN,NaN,188.370000,492.200000
NaN,NaN,NaN,NaN,188.390000,492.190000
NaN,NaN,NaN,NaN,188.420000,492.170000
NaN,NaN,NaN,NaN,188.420000,492.160000
NaN,NaN,NaN,NaN,188.410000,492.170000
NaN,NaN,NaN,NaN,188.390000,492.170000
NaN,NaN,NaN,NaN,188.400000,492.170000
NaN,NaN,NaN,NaN,188.400000,492.150000
NaN,NaN,NaN,NaN,188.400000,492.210000
NaN,NaN,NaN,NaN,188.410000,492.180000
NaN,NaN,NaN,NaN,188.410000,492.170000
NaN,NaN,NaN,NaN,188.410000,492.150000
NaN,NaN,NaN,NaN,188.390000,492.130000
NaN,NaN,NaN,NaN,188.390000,492.120000
NaN,NaN,NaN,NaN,188.390000,492.120000
NaN,NaN,NaN,NaN,188.370000,492.120000
NaN,NaN,NaN,NaN,188.440000,492.130000
NaN,NaN,NaN,NaN,188.450000,492.150000
NaN,NaN,NaN,NaN,188.400000,492.150000
NaN,NaN,NaN,NaN,188.440000,492.120000
NaN,NaN,NaN,NaN,188.450000,492.120000
NaN,NaN,NaN,NaN,188.430000,492.110000
NaN,NaN,NaN,NaN,188.420000,492.110000
NaN,NaN,NaN,NaN,188.430000,492.130000
NaN,NaN,NaN,NaN,188.390000,492.120000
NaN,NaN,NaN,NaN,188.440000,492.090000
NaN,NaN,NaN,NaN,188.430000,492.110000
NaN,NaN,NaN,NaN,188.390000,492.130000
NaN,NaN,NaN,NaN,188.360000,492.110000
NaN,NaN,271.219270,560.371743,188.380000,492.100000
NaN,NaN,271.000000,560.000000,188.430000,492.100000
NaN,NaN,271.000000,560.010000,188.410000,492.090000
NaN,NaN,271.010000,560.030000,188.410000,492.080000
NaN,NaN,270.990000,560.030000,188.390000,492.080000
NaN,NaN,271.020000,560.020000,188.400000,492.100000
NaN,NaN,271.030000,560.020000,188.390000,492.090000
NaN,NaN,271.020000,560.020000,188.340000,492.130000
NaN,NaN,271.010000,560.010000,188.380000,492.100000
NaN,NaN,271.010000,560.010000,188.370000,492.080000
NaN,NaN,271.000000,560.020000,188.360000,492.100000
NaN,NaN,271.010000,560.010000,188.360000,492.070000
NaN,NaN,271.020000,560.020000,188.380000,492.060000
NaN,NaN,271.010000,560.010000,188.350000,492.040000
NaN,NaN,271.050000,560.010000,188.400000,492.080000
NaN,NaN,271.040000,560.040000,188.470000,492.060000
NaN,NaN,271.010000,560.050000,188.970000,491.880000
NaN,NaN,271.020000,560.020000,188.970000,491.890000
NaN,NaN,271.030000,560.030000,188.980000,491.890000
NaN,NaN,271.020000,560.030000,188.980000,491.870000
NaN,NaN,271.010000,560.020000,188.990000,491.880000
NaN,NaN,271.010000,560.020000,189.000000,491.860000
NaN,NaN,271.010000,560.010000,189.020000,491.860000
NaN,NaN,271.020000,560.020000,189.020000,491.830000
NaN,NaN,271.020000,560.020000,188.990000,491.860000
NaN,NaN,271.020000,560.030000,188.990000,491.840000
NaN,NaN,271.010000,560.020000,188.970000,491.860000
NaN,NaN,271.010000,560.020000,188.980000,491.870000
NaN,NaN,271.000000,560.000000,189.000000,491.850000
NaN,NaN,271.010000,560.010000,188.990000,491.890000
NaN,NaN,271.030000,560.000000,189.010000,491.920000
NaN,NaN,271.010000,560.000000,189.030000,491.930000
NaN,NaN,271.020000,560.000000,189.030000,491.930000
NaN,NaN,271.020000,560.010000,189.070000,491.930000
NaN,NaN,271.050000,560.010000,189.050000,491.930000
NaN,NaN,271.040000,559.980000,189.060000,491.940000
NaN,NaN,271.030000,559.990000,189.060000,491.950000
NaN,NaN,271.040000,560.000000,189.050000,491.930000
NaN,NaN,271.040000,560.010000,189.070000,491.930000
NaN,NaN,271.030000,560.010000,189.100000,491.940000
NaN,NaN,271.010000,560.000000,189.120000,491.940000
NaN,NaN,271.010000,560.010000,189.110000,491.940000
NaN,NaN,271.010000,560.010000,189.130000,491.960000
NaN,NaN,271.010000,560.010000,189.150000,491.930000
NaN,NaN,270.990000,560.030000,189.180000,491.960000
NaN,NaN,271.010000,560.020000,189.160000,491.940000
NaN,NaN,271.020000,560.010000,189.150000,491.940000
NaN,NaN,271.000000,560.000000,189.130000,491.950000
NaN,NaN,271.010000,560.010000,189.170000,491.930000
NaN,NaN,271.020000,560.000000,189.160000,491.930000
NaN,NaN,271.020000,560.000000,189.170000,491.940000
NaN,NaN,271.020000,560.000000,189.160000,491.920000
NaN,NaN,271.010000,560.010000,189.160000,491.930000
NaN,NaN,271.000000,560.000000,189.160000,491.960000
NaN,NaN,271.010000,560.000000,189.160000,491.930000
NaN,NaN,271.020000,560.010000,189.150000,491.940000
NaN,NaN,271.030000,560.010000,189.160000,491.960000
NaN,NaN,271.020000,560.020000,189.170000,491.940000
NaN,NaN,271.010000,560.010000,189.170000,491.930000
NaN,NaN,271.030000,560.030000,189.160000,491.940000
NaN,NaN,271.030000,560.020000,189.170000,491.940000
NaN,NaN,271.010000,560.030000,189.210000,491.940000
NaN,NaN,271.010000,560.020000,189.220000,491.940000
NaN,NaN,271.010000,560.010000,189.210000,491.980000
NaN,NaN,271.010000,560.020000,189.190000,491.960000
NaN,NaN,271.000000,560.030000,189.210000,491.970000
NaN,NaN,271.010000,560.020000,189.210000,491.980000
NaN,NaN,271.010000,560.020000,189.210000,491.980000
NaN,NaN,271.000000,560.020000,189.230000,491.960000
NaN,NaN,271.020000,560.020000,189.250000,491.950000
NaN,NaN,271.020000,560.010000,189.250000,491.960000
NaN,NaN,271.010000,560.010000,189.250000,491.980000
NaN,NaN,271.020000,560.020000,189.290000,491.960000
NaN,NaN,271.010000,560.030000,189.290000,491.970000
NaN,NaN,271.000000,560.020000,189.310000,491.950000
NaN,NaN,271.010000,560.030000,189.330000,491.940000
NaN,NaN,271.010000,560.010000,189.320000,491.970000
NaN,NaN,271.010000,560.020000,189.310000,491.940000
NaN,NaN,271.000000,560.020000,189.340000,491.940000
NaN,NaN,271.020000,560.010000,189.350000,491.940000
NaN,NaN,271.020000,560.020000,189.360000,491.930000
NaN,NaN,271.000000,560.020000,189.340000,491.960000
NaN,NaN,270.990000,560.020000,189.360000,491.950000
NaN,NaN,271.000000,560.020000,189.370000,491.960000
NaN,NaN,270.990000,560.000000,189.390000,491.970000
NaN,NaN,271.000000,560.010000,189.410000,491.950000
NaN,NaN,271.010000,560.030000,189.430000,491.940000
NaN,NaN,270.990000,560.030000,189.400000,491.960000
NaN,NaN,271.000000,560.030000,189.400000,491.960000
NaN,NaN,271.010000,560.010000,189.390000,491.970000
NaN,NaN,270.990000,560.010000,189.430000,491.960000
NaN,NaN,271.000000,560.020000,189.440000,491.940000
NaN,NaN,271.000000,560.010000,189.530000,491.950000
NaN,NaN,271.000000,560.010000,190.030000,491.760000
NaN,NaN,271.010000,560.010000,190.050000,491.770000
NaN,NaN,271.020000,560.020000,190.050000,491.760000
NaN,NaN,271.000000,560.010000,190.070000,491.710000
NaN,NaN,271.000000,560.020000,190.120000,491.750000
NaN,NaN,271.000000,560.010000,190.100000,491.750000
NaN,NaN,271.000000,560.020000,190.090000,491.760000
NaN,NaN,271.000000,560.020000,190.110000,491.760000
NaN,NaN,271.000000,560.010000,190.100000,491.780000
NaN,NaN,271.010000,560.020000,190.110000,491.780000
NaN,NaN,271.000000,560.020000,190.130000,491.750000
NaN,NaN,271.000000,560.020000,190.160000,491.740000
NaN,NaN,271.010000,560.010000,190.150000,491.770000
NaN,NaN,270.990000,560.000000,190.140000,491.730000
NaN,NaN,270.990000,560.000000,190.180000,491.740000
NaN,NaN,270.990000,560.000000,190.200000,491.720000
NaN,NaN,270.990000,560.010000,190.160000,491.720000
NaN,NaN,270.990000,559.990000,190.250000,491.710000
NaN,NaN,271.000000,560.000000,190.240000,491.720000
NaN,NaN,270.990000,560.000000,190.240000,491.710000
NaN,NaN,270.990000,560.010000,190.220000,491.740000
NaN,NaN,270.990000,560.020000,190.220000,491.740000
NaN,NaN,271.000000,560.020000,190.260000,491.720000
NaN,NaN,270.990000,560.020000,190.250000,491.720000
NaN,NaN,271.000000,560.020000,190.260000,491.680000
NaN,NaN,271.000000,560.030000,190.230000,491.730000
NaN,NaN,271.000000,560.010000,190.230000,491.670000
NaN,NaN,270.990000,560.000000,190.200000,491.670000
NaN,NaN,271.000000,560.010000,190.220000,491.650000
NaN,NaN,271.000000,560.000000,190.210000,491.660000
NaN,NaN,271.010000,560.000000,190.230000,491.630000
NaN,NaN,271.000000,560.010000,190.280000,491.610000
NaN,NaN,271.000000,560.010000,190.240000,491.650000
NaN,NaN,270.990000,560.010000,190.250000,491.650000
NaN,NaN,270.990000,560.010000,190.240000,491.640000
NaN,NaN,270.980000,560.000000,190.230000,491.650000
NaN,NaN,271.000000,560.010000,190.230000,491.640000
NaN,NaN,270.980000,560.010000,190.250000,491.610000
NaN,NaN,271.000000,560.000000,190.290000,491.610000
NaN,NaN,271.000000,560.020000,190.270000,491.590000
NaN,NaN,270.990000,560.010000,190.240000,491.590000
NaN,NaN,270.980000,560.030000,190.240000,491.620000
NaN,NaN,271.010000,560.020000,190.260000,491.610000
NaN,NaN,271.010000,560.030000,190.270000,491.580000
NaN,NaN,270.980000,560.010000,190.300000,491.590000
NaN,NaN,270.970000,560.010000,190.320000,491.620000
NaN,NaN,270.980000,560.030000,190.320000,491.610000
NaN,NaN,271.000000,560.030000,190.380000,491.570000
NaN,NaN,270.980000,560.020000,190.390000,491.590000
NaN,NaN,270.990000,560.030000,190.410000,491.590000
NaN,NaN,270.990000,560.040000,190.420000,491.600000
NaN,NaN,271.000000,560.040000,190.430000,491.610000
NaN,NaN,271.000000,560.030000,190.420000,491.580000
NaN,NaN,270.990000,560.020000,190.430000,491.570000
NaN,NaN,270.990000,560.030000,190.440000,491.560000
NaN,NaN,271.000000,560.020000,190.490000,491.510000
NaN,NaN,271.000000,560.020000,191.150000,491.020000
NaN,NaN,270.980000,560.020000,191.640000,490.850000
NaN,NaN,270.990000,560.020000,191.660000,490.800000
NaN,NaN,270.980000,560.010000,191.670000,490.810000
NaN,NaN,270.990000,560.020000,191.650000,490.800000
NaN,NaN,270.980000,560.010000,191.650000,490.780000
NaN,NaN,270.980000,560.000000,191.650000,490.770000
NaN,NaN,270.980000,560.010000,191.630000,490.770000
NaN,NaN,270.970000,560.010000,191.640000,490.750000
NaN,NaN,270.980000,560.020000,191.620000,490.760000
NaN,NaN,270.990000,560.020000,191.640000,490.730000
NaN,NaN,270.990000,560.010000,191.620000,490.750000
NaN,NaN,271.000000,560.010000,191.610000,490.750000
NaN,NaN,270.990000,560.020000,191.630000,490.720000
NaN,NaN,270.990000,560.020000,191.640000,490.730000
NaN,NaN,271.000000,560.010000,191.690000,490.720000
NaN,NaN,270.990000,560.020000,191.670000,490.700000
NaN,NaN,270.980000,560.010000,191.680000,490.720000
NaN,NaN,270.970000,559.990000,191.710000,490.720000
NaN,NaN,270.970000,560.000000,191.660000,490.680000
NaN,NaN,270.970000,560.000000,191.670000,490.710000
NaN,NaN,271.000000,560.010000,191.680000,490.670000
NaN,NaN,270.990000,560.000000,191.700000,490.650000
NaN,NaN,270.980000,560.010000,191.680000,490.650000
NaN,NaN,270.990000,560.010000,191.710000,490.670000
NaN,NaN,270.970000,560.020000,191.690000,490.680000
NaN,NaN,270.970000,559.990000,191.730000,490.670000
NaN,NaN,270.980000,560.010000,191.760000,490.650000
NaN,NaN,270.980000,560.010000,191.770000,490.660000
NaN,NaN,270.980000,560.000000,191.720000,490.670000
NaN,NaN,271.010000,559.990000,191.750000,490.690000
NaN,NaN,271.000000,560.000000,191.770000,490.650000
NaN,NaN,270.990000,560.000000,191.760000,490.660000
NaN,NaN,270.970000,560.010000,191.790000,490.660000
NaN,NaN,270.960000,560.000000,191.790000,490.630000
NaN,NaN,270.980000,560.010000,191.780000,490.630000
NaN,NaN,270.970000,560.010000,191.780000,490.630000
NaN,NaN,270.960000,560.000000,191.760000,490.620000
NaN,NaN,270.980000,560.000000,191.780000,490.620000
NaN,NaN,270.980000,560.020000,191.780000,490.610000
NaN,NaN,270.970000,560.010000,191.760000,490.630000
NaN,NaN,270.950000,560.010000,191.790000,490.640000
NaN,NaN,270.960000,560.020000,191.790000,490.630000
NaN,NaN,270.960000,560.010000,191.820000,490.680000
NaN,NaN,270.980000,560.020000,191.850000,490.690000
NaN,NaN,270.960000,559.990000,191.850000,490.730000
NaN,NaN,270.960000,560.010000,191.860000,490.720000
NaN,NaN,270.960000,560.010000,191.870000,490.730000
NaN,NaN,270.980000,559.990000,191.870000,490.690000
NaN,NaN,270.960000,560.000000,191.870000,490.740000
NaN,NaN,270.970000,560.010000,191.900000,490.730000
NaN,NaN,270.950000,559.990000,191.880000,490.710000
NaN,NaN,270.990000,559.990000,191.900000,490.730000
NaN,NaN,270.970000,559.990000,191.940000,490.720000
NaN,NaN,270.950000,559.980000,191.940000,490.710000
NaN,NaN,270.970000,560.010000,191.920000,490.710000
NaN,NaN,270.950000,560.000000,191.930000,490.720000
NaN,NaN,270.960000,559.990000,191.940000,490.690000
NaN,NaN,270.960000,559.990000,191.940000,490.670000
NaN,NaN,270.960000,560.000000,191.960000,490.670000
NaN,NaN,270.960000,560.000000,191.950000,490.720000
NaN,NaN,270.980000,560.000000,191.960000,490.690000
NaN,NaN,270.970000,559.990000,191.950000,490.690000
NaN,NaN,270.970000,559.990000,191.980000,490.700000
NaN,NaN,270.980000,559.990000,191.960000,490.670000
NaN,NaN,270.960000,559.990000,191.970000,490.680000
NaN,NaN,270.950000,560.000000,191.970000,490.690000
NaN,NaN,270.980000,559.990000,192.000000,490.700000
NaN,NaN,270.970000,560.000000,191.990000,490.690000
NaN,NaN,270.960000,559.990000,191.980000,490.700000
NaN,NaN,270.970000,559.990000,191.990000,490.670000
NaN,NaN,270.960000,559.990000,191.990000,490.680000
NaN,NaN,270.970000,560.000000,192.000000,490.710000
NaN,NaN,270.970000,560.000000,192.050000,490.680000
NaN,NaN,270.950000,560.000000,192.050000,490.650000
NaN,NaN,270.980000,559.990000,192.070000,490.680000
NaN,NaN,270.970000,559.990000,192.080000,490.690000
NaN,NaN,270.960000,559.980000,192.070000,490.670000
NaN,NaN,270.960000,559.990000,192.050000,490.680000
NaN,NaN,270.960000,559.990000,192.030000,490.690000
NaN,NaN,270.960000,560.000000,192.090000,490.630000
NaN,NaN,270.970000,560.000000,192.080000,490.650000
NaN,NaN,270.960000,560.000000,192.050000,490.640000
NaN,NaN,270.980000,560.000000,192.060000,490.630000
NaN,NaN,270.990000,560.000000,192.080000,490.640000
NaN,NaN,270.970000,559.990000,192.090000,490.650000
NaN,NaN,270.960000,560.000000,192.100000,490.630000
NaN,NaN,270.960000,559.980000,192.080000,490.620000
NaN,NaN,270.970000,559.990000,192.110000,490.590000
NaN,NaN,270.960000,559.990000,192.090000,490.610000
NaN,NaN,270.950000,560.010000,192.090000,490.670000
NaN,NaN,270.950000,559.970000,192.070000,490.640000
NaN,NaN,270.940000,559.970000,192.070000,490.630000
NaN,NaN,270.950000,559.970000,192.090000,490.650000
NaN,NaN,270.950000,559.990000,192.090000,490.650000
NaN,NaN,270.960000,559.990000,192.100000,490.630000
NaN,NaN,270.940000,559.980000,192.090000,490.610000
NaN,NaN,270.940000,559.990000,192.080000,490.620000
NaN,NaN,270.940000,559.960000,192.090000,490.590000
NaN,NaN,270.930000,559.960000,192.090000,490.630000
NaN,NaN,270.940000,559.970000,192.090000,490.640000
NaN,NaN,270.940000,559.960000,192.080000,490.560000
NaN,NaN,270.960000,559.980000,192.110000,490.590000
NaN,NaN,270.950000,559.970000,192.120000,490.570000
NaN,NaN,270.960000,559.970000,192.110000,490.580000
NaN,NaN,270.940000,559.970000,192.080000,490.620000
NaN,NaN,270.940000,559.980000,192.100000,490.600000
NaN,NaN,270.940000,559.960000,192.110000,490.580000
NaN,NaN,270.960000,559.970000,192.130000,490.560000
NaN,NaN,270.950000,559.950000,192.110000,490.610000
NaN,NaN,270.940000,559.960000,192.070000,490.610000
NaN,NaN,270.950000,559.970000,192.120000,490.570000
NaN,NaN,270.940000,559.980000,192.130000,490.570000
NaN,NaN,270.950000,559.990000,192.110000,490.550000
NaN,NaN,270.950000,559.980000,192.110000,490.560000
NaN,NaN,270.940000,559.980000,192.090000,490.560000
NaN,NaN,270.920000,559.980000,192.110000,490.530000
NaN,NaN,270.930000,559.980000,192.150000,490.520000
NaN,NaN,270.920000,559.990000,192.160000,490.500000
NaN,NaN,270.920000,559.990000,192.260000,490.160000
NaN,NaN,270.950000,559.990000,192.290000,490.160000
NaN,NaN,270.930000,560.000000,192.330000,490.180000
NaN,NaN,270.940000,559.980000,192.320000,490.160000
NaN,NaN,270.940000,559.990000,192.330000,490.170000
NaN,NaN,270.950000,559.990000,192.320000,490.180000
NaN,NaN,270.940000,560.000000,192.320000,490.150000
NaN,NaN,270.930000,559.980000,192.330000,490.150000
NaN,NaN,270.940000,559.980000,192.350000,490.170000
NaN,NaN,270.950000,560.000000,192.330000,490.170000
NaN,NaN,270.950000,559.970000,192.350000,490.190000
NaN,NaN,270.950000,560.000000,192.360000,490.150000
NaN,NaN,270.950000,559.990000,192.350000,490.140000
NaN,NaN,270.960000,559.990000,192.360000,490.130000
NaN,NaN,270.940000,559.990000,192.340000,490.130000
NaN,NaN,270.930000,559.990000,192.360000,490.150000
NaN,NaN,270.950000,559.980000,192.340000,490.200000
NaN,NaN,270.950000,559.980000,192.340000,490.180000
NaN,NaN,270.930000,559.970000,192.340000,490.180000
NaN,NaN,270.930000,559.980000,192.380000,490.150000
NaN,NaN,270.920000,559.970000,192.380000,490.150000
NaN,NaN,270.930000,559.960000,192.380000,490.180000
NaN,NaN,270.940000,559.970000,192.390000,490.140000
NaN,NaN,270.930000,559.960000,192.370000,490.120000
NaN,NaN,270.930000,559.970000,192.360000,490.150000
NaN,NaN,270.930000,559.960000,192.420000,490.140000
NaN,NaN,270.940000,559.950000,192.360000,490.150000
NaN,NaN,270.960000,559.960000,192.360000,490.140000
NaN,NaN,270.940000,559.960000,192.370000,490.140000
NaN,NaN,270.940000,559.980000,192.370000,490.150000
NaN,NaN,270.930000,559.960000,192.480000,490.130000
NaN,NaN,270.940000,559.960000,192.940000,489.970000
NaN,NaN,270.960000,559.950000,192.940000,489.980000
NaN,NaN,270.940000,559.950000,192.950000,489.990000
NaN,NaN,270.940000,559.950000,192.950000,489.980000
NaN,NaN,270.940000,559.940000,192.940000,489.940000
NaN,NaN,270.950000,559.960000,192.930000,489.980000
NaN,NaN,270.930000,559.970000,192.950000,489.940000
NaN,NaN,270.920000,559.970000,192.950000,489.970000
NaN,NaN,270.930000,559.970000,192.960000,489.980000
NaN,NaN,270.930000,559.980000,192.960000,489.950000
NaN,NaN,270.920000,559.990000,192.970000,489.940000
NaN,NaN,270.920000,559.960000,192.990000,489.940000
NaN,NaN,270.940000,559.960000,192.930000,489.940000
NaN,NaN,270.940000,559.970000,192.990000,489.950000
NaN,NaN,270.950000,559.970000,192.980000,489.930000
NaN,NaN,270.940000,559.990000,193.050000,489.920000
NaN,NaN,270.930000,559.990000,193.050000,489.930000
NaN,NaN,270.930000,559.980000,193.030000,489.910000
NaN,NaN,270.940000,559.980000,193.020000,489.920000
NaN,NaN,270.910000,559.970000,193.040000,489.920000
NaN,NaN,270.930000,559.970000,193.080000,489.930000
NaN,NaN,270.940000,559.970000,193.050000,489.950000
NaN,NaN,270.950000,559.960000,193.050000,489.940000
NaN,NaN,270.930000,559.970000,193.020000,489.950000
NaN,NaN,270.940000,559.980000,193.040000,489.950000
NaN,NaN,270.940000,559.970000,193.040000,489.920000
NaN,NaN,270.930000,559.980000,193.050000,489.910000
NaN,NaN,270.930000,559.980000,193.060000,489.900000
NaN,NaN,270.940000,559.970000,193.070000,489.870000
NaN,NaN,270.940000,559.980000,193.110000,489.860000
NaN,NaN,270.930000,559.980000,193.120000,489.880000
NaN,NaN,270.940000,559.970000,193.110000,489.880000
NaN,NaN,270.940000,559.970000,193.100000,489.900000
NaN,NaN,270.950000,559.980000,193.110000,489.880000
NaN,NaN,270.930000,559.970000,193.110000,489.870000
NaN,NaN,270.920000,559.980000,193.120000,489.880000
NaN,NaN,270.930000,559.970000,193.120000,489.900000
NaN,NaN,270.920000,560.000000,193.130000,489.850000
NaN,NaN,270.920000,559.970000,193.120000,489.840000
NaN,NaN,270.930000,559.980000,193.140000,489.850000
NaN,NaN,270.940000,559.970000,193.160000,489.830000
NaN,NaN,270.940000,559.980000,193.180000,489.790000
NaN,NaN,270.940000,559.970000,193.180000,489.820000
NaN,NaN,270.950000,559.980000,193.190000,489.780000
NaN,NaN,270.950000,559.970000,193.190000,489.800000
NaN,NaN,270.920000,559.960000,193.210000,489.840000
NaN,NaN,270.920000,559.960000,193.210000,489.810000
NaN,NaN,270.920000,559.970000,193.210000,489.800000
NaN,NaN,270.920000,559.970000,193.210000,489.790000
NaN,NaN,270.930000,559.980000,193.190000,489.810000
NaN,NaN,270.930000,559.970000,193.190000,489.800000
NaN,NaN,270.930000,559.970000,193.200000,489.790000
NaN,NaN,270.910000,559.950000,193.210000,489.780000
NaN,NaN,270.930000,559.970000,193.220000,489.810000
NaN,NaN,270.930000,559.970000,193.240000,489.800000
NaN,NaN,270.920000,559.970000,193.240000,489.760000
NaN,NaN,270.930000,559.970000,193.270000,489.760000
NaN,NaN,270.930000,559.980000,193.270000,489.750000
NaN,NaN,270.930000,559.970000,193.260000,489.760000
NaN,NaN,270.920000,559.970000,193.280000,489.740000
NaN,NaN,270.950000,559.980000,193.290000,489.760000
NaN,NaN,270.950000,559.970000,193.300000,489.740000
NaN,NaN,270.930000,559.960000,193.270000,489.820000
NaN,NaN,270.920000,559.970000,193.320000,489.760000
NaN,NaN,270.940000,559.980000,193.310000,489.740000
NaN,NaN,270.940000,559.940000,193.320000,489.730000
NaN,NaN,270.920000,559.960000,193.330000,489.740000
NaN,NaN,270.920000,559.950000,193.320000,489.750000
NaN,NaN,270.930000,559.960000,193.330000,489.710000
NaN,NaN,270.940000,559.970000,193.350000,489.700000
NaN,NaN,270.920000,559.960000,193.320000,489.710000
NaN,NaN,270.930000,559.950000,193.380000,489.660000
NaN,NaN,270.930000,559.950000,193.380000,489.640000
NaN,NaN,270.940000,559.950000,193.430000,489.610000
NaN,NaN,270.930000,559.960000,193.430000,489.600000
NaN,NaN,270.930000,559.970000,193.380000,489.680000
NaN,NaN,270.930000,559.980000,193.350000,489.630000
NaN,NaN,270.940000,559.970000,193.380000,489.630000
NaN,NaN,270.940000,559.970000,193.380000,489.630000
NaN,NaN,270.940000,559.970000,193.390000,489.660000
NaN,NaN,270.950000,559.970000,193.350000,489.670000
NaN,NaN,270.950000,559.980000,193.420000,489.630000
NaN,NaN,270.930000,559.970000,193.440000,489.650000
NaN,NaN,270.940000,559.970000,193.450000,489.620000
NaN,NaN,270.930000,559.970000,193.460000,489.600000
NaN,NaN,270.920000,559.980000,193.440000,489.580000
NaN,NaN,270.930000,559.970000,193.370000,489.670000
NaN,NaN,270.920000,559.970000,193.430000,489.650000
NaN,NaN,270.910000,559.980000,193.480000,489.580000
NaN,NaN,270.910000,559.980000,194.080000,489.300000
NaN,NaN,270.920000,559.990000,194.700000,488.860000
NaN,NaN,270.920000,559.990000,194.840000,488.480000
NaN,NaN,270.910000,559.990000,194.850000,488.500000
NaN,NaN,270.930000,560.010000,194.850000,488.500000
NaN,NaN,270.920000,560.000000,194.850000,488.490000
NaN,NaN,270.920000,560.000000,194.870000,488.470000
NaN,NaN,270.920000,559.990000,194.870000,488.500000
NaN,NaN,270.920000,560.000000,194.720000,488.840000
NaN,NaN,270.930000,559.990000,194.720000,488.850000
NaN,NaN,270.930000,559.980000,194.740000,488.810000
NaN,NaN,270.930000,559.990000,194.740000,488.810000
NaN,NaN,270.930000,559.990000,194.770000,488.790000
NaN,NaN,270.920000,560.000000,194.770000,488.780000
NaN,NaN,270.910000,560.000000,194.740000,488.790000
NaN,NaN,270.920000,559.990000,194.750000,488.780000
NaN,NaN,270.940000,560.000000,194.800000,488.760000
NaN,NaN,270.930000,559.990000,194.810000,488.780000
NaN,NaN,270.940000,560.000000,194.790000,488.790000
NaN,NaN,270.930000,559.980000,194.820000,488.780000
NaN,NaN,270.930000,559.980000,194.820000,488.740000
NaN,NaN,270.920000,559.970000,194.830000,488.750000
NaN,NaN,270.950000,559.990000,194.840000,488.760000
NaN,NaN,270.930000,559.980000,194.870000,488.740000
NaN,NaN,270.930000,559.990000,194.860000,488.740000
NaN,NaN,270.940000,559.990000,194.870000,488.680000
NaN,NaN,270.940000,559.990000,194.870000,488.730000
NaN,NaN,270.940000,559.980000,194.900000,488.690000
NaN,NaN,270.950000,559.970000,194.890000,488.710000
NaN,NaN,270.930000,559.970000,194.880000,488.720000
NaN,NaN,270.940000,559.980000,194.900000,488.740000
NaN,NaN,270.920000,559.980000,194.960000,488.730000
NaN,NaN,270.930000,559.980000,194.920000,488.740000
NaN,NaN,270.930000,559.990000,194.930000,488.740000
NaN,NaN,270.930000,559.980000,194.920000,488.750000
NaN,NaN,270.930000,559.990000,194.930000,488.730000
NaN,NaN,270.940000,559.990000,194.950000,488.680000
NaN,NaN,270.930000,559.970000,194.940000,488.710000
NaN,NaN,270.930000,559.980000,194.940000,488.700000
NaN,NaN,270.930000,559.980000,194.950000,488.740000
NaN,NaN,270.940000,559.950000,194.960000,488.700000
NaN,NaN,270.930000,559.960000,194.950000,488.710000
NaN,NaN,270.930000,559.970000,194.970000,488.690000
NaN,NaN,270.930000,559.970000,194.980000,488.690000
NaN,NaN,270.930000,559.970000,194.990000,488.720000
NaN,NaN,270.910000,559.960000,195.000000,488.700000
NaN,NaN,270.960000,559.980000,194.980000,488.730000
NaN,NaN,270.960000,559.980000,194.950000,488.760000
NaN,NaN,270.950000,559.980000,194.980000,488.680000
NaN,NaN,270.950000,559.970000,195.010000,488.660000
NaN,NaN,270.940000,559.970000,195.010000,488.660000
NaN,NaN,270.940000,559.960000,195.000000,488.650000
NaN,NaN,270.930000,559.970000,194.990000,488.680000
NaN,NaN,270.950000,559.980000,195.000000,488.680000
NaN,NaN,270.930000,559.980000,195.040000,488.680000
NaN,NaN,270.930000,559.970000,195.050000,488.670000
NaN,NaN,270.910000,559.960000,195.030000,488.630000
NaN,NaN,270.920000,559.980000,195.030000,488.650000
NaN,NaN,270.940000,559.990000,195.040000,488.650000
NaN,NaN,270.920000,559.990000,195.050000,488.620000
NaN,NaN,270.920000,559.990000,195.050000,488.630000
NaN,NaN,270.930000,559.980000,195.060000,488.640000
NaN,NaN,270.930000,559.980000,195.050000,488.640000
NaN,NaN,270.940000,559.970000,195.050000,488.600000
NaN,NaN,270.930000,559.970000,195.060000,488.620000
NaN,NaN,270.930000,559.980000,195.090000,488.600000
NaN,NaN,270.930000,559.980000,195.110000,488.570000
NaN,NaN,270.910000,559.990000,195.090000,488.570000
NaN,NaN,270.920000,559.980000,195.070000,488.590000
NaN,NaN,270.920000,559.990000,195.110000,488.550000
NaN,NaN,270.930000,559.980000,195.120000,488.580000
NaN,NaN,270.920000,559.980000,195.100000,488.590000
NaN,NaN,270.930000,559.990000,195.120000,488.570000
NaN,NaN,270.930000,559.980000,195.100000,488.580000
NaN,NaN,270.940000,559.990000,195.120000,488.560000
NaN,NaN,270.920000,559.990000,195.120000,488.560000
NaN,NaN,270.920000,559.990000,195.180000,488.570000
NaN,NaN,270.920000,559.990000,195.130000,488.590000
NaN,NaN,270.930000,559.980000,195.140000,488.590000
NaN,NaN,270.930000,559.980000,195.170000,488.560000
NaN,NaN,270.920000,559.970000,195.140000,488.570000
NaN,NaN,270.920000,560.000000,195.140000,488.540000
NaN,NaN,270.900000,559.990000,195.160000,488.490000
NaN,NaN,270.900000,559.980000,195.300000,488.140000
NaN,NaN,270.900000,559.960000,195.260000,488.150000
NaN,NaN,270.900000,559.980000,195.270000,488.140000
NaN,NaN,270.920000,559.980000,195.310000,488.120000
NaN,NaN,270.910000,559.970000,195.310000,488.120000
NaN,NaN,270.920000,559.960000,195.290000,488.160000
NaN,NaN,270.920000,559.960000,195.290000,488.110000
NaN,NaN,270.910000,559.960000,195.270000,488.140000
NaN,NaN,270.920000,559.970000,195.300000,488.120000
NaN,NaN,270.910000,559.970000,195.280000,488.110000
NaN,NaN,270.930000,559.970000,195.310000,488.130000
NaN,NaN,270.910000,559.950000,195.310000,488.100000
NaN,NaN,270.900000,559.960000,195.290000,488.100000
NaN,NaN,270.900000,559.940000,195.300000,488.090000
NaN,NaN,270.910000,559.950000,195.270000,488.120000
NaN,NaN,270.900000,559.940000,195.310000,488.070000
NaN,NaN,270.900000,559.940000,195.310000,488.080000
NaN,NaN,270.880000,559.970000,195.260000,488.050000
NaN,NaN,270.890000,559.960000,195.300000,488.030000
NaN,NaN,270.890000,559.950000,195.310000,488.030000
NaN,NaN,270.880000,559.940000,195.340000,488.020000
NaN,NaN,270.890000,559.930000,195.360000,488.000000
NaN,NaN,270.890000,559.940000,195.320000,488.020000
NaN,NaN,270.890000,559.950000,195.310000,487.990000
NaN,NaN,270.890000,559.940000,195.300000,488.040000
NaN,NaN,270.870000,559.930000,195.320000,488.040000
NaN,NaN,270.870000,559.940000,195.290000,488.040000
NaN,NaN,270.880000,559.940000,195.320000,488.030000
NaN,NaN,270.890000,559.930000,195.340000,488.010000
NaN,NaN,270.880000,559.930000,195.330000,488.000000
NaN,NaN,270.870000,559.930000,195.330000,487.990000
NaN,NaN,270.880000,559.930000,195.330000,487.980000
NaN,NaN,270.870000,559.940000,195.360000,487.980000
NaN,NaN,270.870000,559.910000,195.370000,487.970000
NaN,NaN,270.870000,559.920000,195.330000,488.000000
NaN,NaN,270.850000,559.920000,195.290000,488.040000
NaN,NaN,270.850000,559.920000,195.290000,488.000000
NaN,NaN,270.850000,559.930000,195.330000,487.990000
NaN,NaN,270.840000,559.930000,195.320000,487.950000
NaN,NaN,270.840000,559.920000,195.370000,487.940000
NaN,NaN,270.820000,559.910000,195.370000,487.940000
NaN,NaN,270.840000,559.910000,195.360000,487.970000
NaN,NaN,270.830000,559.920000,195.430000,487.940000
NaN,NaN,270.830000,559.910000,195.390000,487.950000
NaN,NaN,270.840000,559.910000,195.430000,487.940000
NaN,NaN,270.810000,559.900000,195.400000,487.900000
NaN,NaN,270.800000,559.890000,195.350000,487.950000
NaN,NaN,270.810000,559.890000,195.380000,487.950000
NaN,NaN,270.820000,559.890000,195.350000,487.980000
NaN,NaN,270.800000,559.880000,195.420000,487.950000
NaN,NaN,270.790000,559.870000,195.470000,487.910000
NaN,NaN,270.780000,559.860000,195.930000,487.700000
NaN,NaN,270.780000,559.870000,195.910000,487.760000
NaN,NaN,270.750000,559.870000,195.890000,487.780000
NaN,NaN,270.740000,559.860000,195.870000,487.760000
NaN,NaN,270.740000,559.870000,195.910000,487.750000
NaN,NaN,270.740000,559.870000,195.930000,487.750000
NaN,NaN,270.730000,559.860000,195.960000,487.690000
NaN,NaN,270.740000,559.860000,195.970000,487.720000
NaN,NaN,270.690000,559.850000,195.960000,487.680000
NaN,NaN,270.660000,559.860000,195.960000,487.690000
NaN,NaN,270.650000,559.850000,195.960000,487.710000
NaN,NaN,270.640000,559.840000,195.990000,487.700000
NaN,NaN,270.640000,559.830000,195.980000,487.690000
NaN,NaN,270.620000,559.830000,195.950000,487.710000
NaN,NaN,270.590000,559.840000,195.960000,487.690000
NaN,NaN,270.570000,559.830000,196.010000,487.690000
NaN,NaN,270.560000,559.810000,196.000000,487.670000
NaN,NaN,270.470000,559.810000,195.990000,487.700000
NaN,NaN,270.270000,559.850000,195.980000,487.690000
NaN,NaN,270.280000,559.830000,195.990000,487.680000
NaN,NaN,270.250000,559.830000,195.990000,487.700000
NaN,NaN,270.210000,559.810000,195.990000,487.680000
NaN,NaN,270.230000,559.820000,195.990000,487.680000
NaN,NaN,270.230000,559.820000,195.990000,487.710000
NaN,NaN,270.190000,559.810000,196.010000,487.710000
NaN,NaN,270.150000,559.810000,195.990000,487.690000
NaN,NaN,270.140000,559.810000,196.000000,487.710000
NaN,NaN,270.140000,559.810000,196.020000,487.650000
NaN,NaN,270.090000,559.800000,196.010000,487.690000
NaN,NaN,270.010000,559.800000,196.000000,487.700000
NaN,NaN,270.020000,559.810000,196.020000,487.690000
NaN,NaN,269.940000,559.800000,196.020000,487.670000
NaN,NaN,268.990000,557.750000,196.030000,487.660000
NaN,NaN,271.700000,551.170000,196.040000,487.660000
NaN,NaN,271.850000,550.910000,196.050000,487.610000
NaN,NaN,271.870000,550.860000,196.060000,487.580000
NaN,NaN,271.750000,550.980000,196.090000,487.540000
NaN,NaN,271.710000,550.970000,196.030000,487.580000
NaN,NaN,271.650000,550.990000,196.010000,487.540000
NaN,NaN,271.540000,551.010000,196.050000,487.530000
NaN,NaN,271.170000,551.180000,196.060000,487.420000
NaN,NaN,271.140000,551.150000,196.160000,487.160000
NaN,NaN,271.060000,551.170000,196.160000,487.180000
NaN,NaN,271.040000,551.140000,196.160000,487.180000
NaN,NaN,270.950000,551.150000,196.170000,487.170000
NaN,NaN,270.920000,551.140000,196.150000,487.200000
NaN,NaN,270.890000,551.120000,196.160000,487.200000
NaN,NaN,270.760000,551.070000,196.140000,487.200000
NaN,NaN,270.760000,551.050000,196.150000,487.180000
NaN,NaN,270.640000,551.040000,196.200000,487.120000
NaN,NaN,270.510000,551.050000,196.170000,487.110000
NaN,NaN,270.160000,551.120000,196.220000,487.070000
NaN,NaN,270.070000,551.100000,196.210000,487.140000
NaN,NaN,270.020000,551.100000,196.210000,487.110000
NaN,NaN,269.950000,551.050000,196.210000,487.160000
NaN,NaN,269.920000,551.050000,196.240000,487.090000
NaN,NaN,269.870000,547.930000,196.220000,487.100000
NaN,NaN,269.810000,547.880000,196.200000,487.130000
NaN,NaN,269.780000,547.830000,196.220000,487.120000
NaN,NaN,269.620000,547.890000,196.220000,487.040000
NaN,NaN,269.390000,547.950000,196.190000,487.080000
NaN,NaN,269.290000,547.940000,196.180000,487.080000
NaN,NaN,269.250000,547.880000,196.230000,487.030000
NaN,NaN,269.240000,547.840000,196.240000,487.050000
NaN,NaN,269.160000,547.820000,196.230000,487.060000
NaN,NaN,269.080000,547.800000,196.220000,487.050000
NaN,NaN,268.950000,547.840000,196.260000,487.030000
NaN,NaN,268.870000,547.790000,196.290000,486.970000
NaN,NaN,268.840000,547.760000,196.250000,487.040000
NaN,NaN,268.770000,547.690000,196.220000,487.030000
NaN,NaN,268.700000,547.680000,196.250000,487.000000
NaN,NaN,268.570000,547.590000,196.210000,487.020000
NaN,NaN,268.310000,547.620000,196.210000,487.000000
NaN,NaN,268.230000,547.570000,196.260000,486.970000
NaN,NaN,268.140000,547.540000,196.220000,487.010000
NaN,NaN,268.270000,546.000000,196.250000,486.930000
NaN,NaN,268.540000,545.200000,196.240000,486.960000
NaN,NaN,268.610000,544.900000,196.210000,486.970000
NaN,NaN,268.590000,544.770000,196.250000,486.960000
NaN,NaN,268.390000,544.940000,196.270000,486.960000
NaN,NaN,268.090000,544.970000,196.250000,486.970000
NaN,NaN,268.040000,544.920000,196.270000,486.960000
NaN,NaN,267.940000,544.820000,196.280000,486.940000
NaN,NaN,267.820000,544.760000,196.290000,486.950000
NaN,NaN,267.750000,544.680000,196.270000,486.930000
NaN,NaN,267.700000,544.710000,196.290000,486.910000
NaN,NaN,267.630000,544.490000,196.280000,486.930000
NaN,NaN,267.590000,544.050000,196.270000,486.940000
NaN,NaN,267.500000,543.950000,196.280000,486.910000
NaN,NaN,267.130000,543.910000,196.280000,486.890000
NaN,NaN,267.020000,543.860000,196.280000,486.870000
NaN,NaN,266.970000,543.810000,196.320000,486.870000
NaN,NaN,266.930000,543.630000,196.300000,486.870000
NaN,NaN,267.000000,543.000000,196.270000,486.870000
NaN,NaN,267.120000,542.360000,196.280000,486.880000
NaN,NaN,267.030000,542.330000,196.300000,486.890000
NaN,NaN,266.920000,542.290000,196.350000,486.880000
NaN,NaN,266.900000,542.180000,196.350000,486.870000
NaN,NaN,266.870000,542.170000,196.320000,486.860000
NaN,NaN,266.800000,542.120000,196.290000,486.880000
NaN,NaN,266.710000,542.080000,196.320000,486.870000
NaN,NaN,266.670000,542.040000,196.310000,486.900000
271.908554,537.762057,266.600000,542.010000,196.330000,486.860000
271.219270,536.303367,266.460000,541.980000,196.310000,486.870000
271.219270,536.303367,266.300000,541.960000,196.260000,486.930000
269.151418,536.303367,266.220000,541.930000,196.290000,486.920000
269.151418,536.303367,266.070000,541.890000,196.320000,486.890000
265.704999,536.303367,265.740000,541.680000,196.350000,486.920000
266.394283,531.927299,265.470000,541.540000,196.330000,486.950000
265.015716,529.739265,265.550000,541.080000,196.350000,486.940000
266.394283,531.197954,264.326432,541.408780,196.400000,486.920000
266.394283,531.197954,263.820000,540.990000,196.390000,486.900000
265.015716,530.468609,263.810000,540.960000,196.360000,486.930000
265.015716,529.739265,263.950000,540.940000,196.370000,486.960000
263.637148,529.739265,263.930000,540.910000,196.390000,486.970000
263.637148,529.739265,263.930000,540.860000,196.360000,486.950000
263.637148,528.280575,263.910000,540.850000,196.370000,486.970000
265.704999,528.280575,263.920000,540.830000,196.340000,486.940000
266.010000,527.930000,263.930000,540.860000,196.370000,486.950000
265.940000,527.900000,263.910000,540.880000,196.370000,486.970000
265.790000,527.890000,263.880000,540.930000,196.350000,486.960000
265.760000,527.830000,263.910000,540.920000,196.380000,486.980000
265.800000,527.840000,263.930000,540.960000,196.370000,486.950000
265.850000,527.880000,263.920000,540.950000,196.380000,486.960000
261.569297,529.009920,263.940000,540.940000,196.380000,486.960000
261.830000,528.960000,263.920000,540.910000,196.380000,486.940000
261.750000,528.870000,263.950000,540.960000,196.400000,486.950000
261.900000,528.880000,263.960000,540.980000,196.380000,486.940000
261.870000,528.860000,263.960000,541.000000,196.370000,486.950000
261.870000,528.860000,263.980000,540.950000,196.390000,486.960000
261.860000,528.860000,263.950000,540.950000,196.420000,486.950000
261.860000,528.870000,263.920000,540.920000,196.410000,486.930000
261.870000,528.880000,263.920000,540.890000,196.460000,486.940000
261.850000,528.860000,263.910000,540.870000,196.410000,486.940000
261.840000,528.850000,263.930000,540.830000,196.400000,486.910000
261.860000,528.880000,263.930000,540.850000,196.420000,486.900000
261.870000,528.860000,263.920000,540.860000,196.420000,486.920000
261.910000,528.870000,263.940000,540.730000,196.430000,486.940000
261.900000,528.880000,263.960000,540.750000,196.430000,486.940000
261.870000,528.840000,261.569297,539.220746,196.420000,486.950000
261.810000,528.730000,261.680000,538.640000,196.440000,486.940000
255.365743,521.716473,261.370000,538.180000,196.440000,486.930000
255.365743,521.716473,261.230000,537.950000,196.470000,486.940000
255.365743,521.716473,261.130000,537.800000,196.470000,486.940000
253.987175,520.987128,261.080000,537.570000,196.510000,486.960000
253.297891,520.987128,261.000000,536.940000,196.990000,486.770000
251.230040,520.987128,260.970000,536.220000,197.000000,486.840000
251.230040,520.987128,261.010000,535.920000,196.990000,486.840000
247.783621,519.528438,261.010000,535.910000,196.990000,486.840000
249.162188,519.528438,260.980000,535.920000,197.000000,486.840000
249.162188,519.528438,260.880013,534.844678,197.010000,486.860000
247.783621,518.069749,260.960000,534.500000,197.010000,486.860000
247.783621,518.069749,260.880000,534.250000,197.080000,486.880000
247.783621,518.069749,260.650000,534.230000,197.060000,486.850000
247.094337,517.340404,260.230000,534.230000,197.060000,486.870000
245.715770,516.611060,260.050000,534.050000,197.060000,486.890000
244.337202,516.611060,259.820000,533.930000,197.060000,486.870000
243.647918,515.152370,259.590000,533.880000,197.050000,486.860000
241.580067,515.152370,259.130000,533.860000,197.060000,486.840000
240.890783,512.234991,258.910000,533.740000,197.070000,486.890000
240.890783,512.234991,258.690000,533.590000,197.050000,486.880000
238.822932,512.234991,258.430000,532.950000,197.040000,486.890000
238.822932,512.234991,258.570000,532.180000,197.080000,486.880000
238.822932,512.234991,258.800000,531.410000,197.080000,486.870000
238.822932,512.234991,258.560000,531.270000,197.080000,486.860000
238.822932,512.234991,258.070000,531.310000,197.070000,486.850000
238.822932,512.234991,257.830000,531.120000,197.090000,486.880000
238.822932,512.234991,257.650000,531.010000,197.100000,486.890000
238.822932,512.234991,257.110000,531.110000,197.100000,486.870000
238.822932,512.234991,256.830000,531.000000,197.120000,486.870000
238.822932,512.234991,256.460000,530.960000,197.130000,486.880000
238.822932,512.234991,256.120000,530.880000,197.120000,486.870000
238.822932,512.234991,255.860000,530.800000,197.130000,486.870000
238.822932,512.234991,256.055026,528.280575,197.120000,486.870000
238.822932,512.234991,255.940000,527.830000,197.120000,486.890000
235.376513,512.234991,255.860000,527.700000,197.140000,486.870000
235.376513,512.234991,255.770000,527.610000,197.150000,486.890000
233.997945,508.588268,255.690000,527.480000,197.150000,486.900000
233.997945,508.588268,255.500000,527.250000,197.150000,486.910000
232.619378,507.858923,255.050000,526.950000,197.150000,486.930000
232.619378,507.858923,254.980000,526.860000,197.150000,486.960000
231.930094,507.858923,254.930000,526.810000,197.150000,486.960000
231.930094,507.858923,254.870000,526.730000,197.240000,486.930000
231.240810,507.129578,254.840000,526.680000,197.200000,486.970000
231.240810,507.129578,254.780000,526.620000,197.200000,486.930000
231.240810,507.129578,254.740000,526.530000,197.190000,486.950000
230.551526,506.400233,253.800000,525.190000,197.170000,486.990000
229.172959,506.400233,253.050000,524.310000,197.200000,486.960000
228.483675,504.941544,252.300000,523.300000,197.240000,486.950000
228.483675,504.941544,252.120000,522.950000,197.240000,486.930000
228.483675,504.941544,252.000000,522.720000,197.240000,486.950000
228.483675,504.941544,251.890000,522.490000,197.220000,486.960000
227.105107,504.212199,251.780000,522.260000,197.220000,486.930000
227.105107,503.482854,251.690000,522.130000,197.240000,486.910000
225.037256,501.294820,251.610000,521.990000,197.260000,486.910000
225.037256,501.294820,251.540000,521.890000,197.250000,486.950000
224.347972,501.294820,251.090000,521.660000,197.250000,486.950000
224.347972,500.565476,250.860000,521.250000,197.320000,486.950000
222.969404,498.377441,250.750000,521.130000,197.330000,486.940000
222.969404,498.377441,250.670000,521.010000,197.290000,486.950000
222.969404,497.648097,250.590000,520.920000,197.300000,486.960000
221.590837,497.648097,250.560000,520.820000,197.300000,486.990000
220.901553,496.189407,250.580000,520.830000,197.290000,486.980000
220.212269,496.189407,250.490000,520.780000,197.270000,487.010000
219.522985,496.189407,246.220000,522.870000,197.280000,487.020000
219.522985,496.189407,247.783621,517.340404,197.270000,487.020000
218.144418,495.460062,247.960000,516.780000,197.250000,487.000000
218.144418,495.460062,247.870000,516.710000,197.240000,487.040000
218.144418,495.460062,247.830000,516.710000,197.290000,487.020000
218.144418,495.460062,247.860000,516.850000,197.250000,487.020000
218.144418,495.460062,247.860000,516.840000,197.240000,487.020000
217.455134,494.730718,247.870000,516.860000,197.190000,487.070000
216.076567,493.272028,247.880000,516.880000,197.220000,487.050000
214.697999,492.542683,247.920000,516.920000,197.270000,487.100000
214.697999,492.542683,247.940000,516.930000,197.250000,487.110000
214.697999,492.542683,247.960000,516.950000,197.250000,487.100000
214.008715,491.083994,247.990000,516.970000,197.310000,487.120000
214.008715,491.083994,248.000000,516.980000,197.370000,487.170000
214.008715,491.083994,248.010000,516.970000,197.350000,487.220000
212.630148,490.354649,248.010000,516.980000,197.330000,487.330000
212.630148,489.625305,248.010000,517.000000,197.410000,487.430000
211.251580,488.166615,248.000000,517.010000,197.370000,487.730000
211.251580,487.437270,248.000000,517.030000,197.340000,487.690000
209.873012,485.978581,248.000000,517.050000,197.240000,487.580000
209.873012,485.978581,247.990000,517.060000,197.210000,487.100000
209.873012,485.978581,247.950000,517.060000,197.080000,486.930000
209.873012,485.249236,247.930000,517.080000,196.870000,486.840000
209.873012,485.249236,247.860000,517.070000,195.398053,486.707926
207.115877,481.602513,247.860000,517.040000,194.320000,486.970000
207.115877,481.602513,247.860000,517.110000,193.670000,486.960000
206.426593,480.873168,247.840000,517.080000,193.490000,486.840000
206.426593,480.873168,247.770000,517.160000,194.708769,487.437270
206.426593,480.873168,247.710000,517.220000,195.270000,486.900000
205.737310,480.143823,247.650000,517.310000,195.210000,486.680000
205.048026,480.143823,246.405053,514.423025,194.850000,486.120000
204.358742,477.955789,246.405053,514.423025,194.770000,486.030000
204.358742,477.955789,246.405053,514.423025,194.670000,485.820000
204.358742,477.226444,246.405053,514.423025,192.640918,485.249236
204.358742,477.226444,245.715770,513.693681,192.360000,484.890000
204.358742,477.226444,244.337202,512.964336,192.330000,484.290000
204.358742,477.226444,242.958634,512.234991,192.170000,484.090000
203.669458,476.497099,241.580067,510.776302,192.030000,483.810000
203.669458,474.309065,240.201499,510.046957,191.950000,483.440000
202.980174,473.579721,239.512215,508.588268,191.810000,482.860000
202.980174,472.850376,238.822932,507.858923,191.760000,482.220000
202.290891,471.391686,238.822932,507.129578,191.640000,482.010000
200.912323,469.932997,237.444364,506.400233,191.450000,481.880000
200.912323,469.203652,236.755080,504.212199,190.800000,481.810000
200.912323,469.203652,236.755080,504.212199,190.000000,481.830000
200.912323,469.203652,236.755080,504.212199,189.180000,481.880000
200.912323,469.203652,235.376513,504.212199,189.194499,481.602513
200.912323,469.203652,233.997945,503.482854,188.850000,481.790000
198.155188,469.203652,233.997945,503.482854,188.590000,481.850000
198.155188,469.203652,233.308661,502.753510,187.900000,481.820000
199.533756,468.474307,233.308661,502.753510,187.080000,481.750000
199.533756,468.474307,233.308661,502.753510,186.310000,481.750000
198.155188,468.474307,233.308661,502.753510,186.120000,481.700000
197.465904,467.744963,233.308661,502.753510,185.950000,481.540000
196.087337,466.286273,233.308661,502.753510,185.800000,481.130000
195.398053,465.556929,233.308661,502.753510,185.630000,481.010000
195.398053,464.098239,233.308661,502.753510,184.890000,480.980000
195.398053,464.098239,233.308661,502.753510,184.090000,481.000000
194.708769,464.098239,233.308661,502.753510,183.290000,481.000000
194.019485,464.098239,233.308661,502.753510,182.590000,481.020000
193.330201,464.098239,233.308661,502.753510,182.370000,480.910000
193.330201,464.098239,233.308661,502.753510,182.250000,480.830000
193.330201,464.098239,233.308661,502.753510,182.100000,480.790000
188.505215,463.368894,233.308661,502.753510,181.970000,480.770000
189.194499,463.368894,233.308661,502.753510,181.840000,480.740000
189.194499,463.368894,233.308661,502.753510,181.650000,480.720000
189.194499,463.368894,231.930094,502.024165,180.960000,480.760000
189.194499,463.368894,230.551526,500.565476,180.140000,480.830000
188.505215,462.639550,229.862242,500.565476,178.855242,480.143823
185.748080,461.180860,229.172959,500.565476,178.390000,480.010000
185.748080,461.180860,227.794391,500.565476,178.160000,479.990000
185.748080,461.180860,227.105107,500.565476,178.000000,479.950000
184.369512,461.180860,227.105107,500.565476,177.870000,479.930000
184.369512,461.180860,227.105107,500.565476,177.700000,479.900000
184.369512,461.180860,227.105107,500.565476,177.480000,479.910000
184.369512,461.180860,227.105107,500.565476,176.900000,479.930000
184.369512,461.180860,226.415823,500.565476,176.200000,479.960000
184.369512,461.180860,225.037256,500.565476,176.040000,479.950000
184.369512,461.180860,224.347972,500.565476,175.890000,479.960000
182.301661,461.180860,224.347972,500.565476,175.750000,479.950000
181.612377,461.180860,223.658688,500.565476,175.620000,479.950000
181.612377,461.910205,223.658688,500.565476,174.940000,480.010000
180.233809,462.639550,223.658688,500.565476,174.260000,480.050000
180.233809,462.639550,223.658688,500.565476,174.120000,480.070000
180.233809,462.639550,223.658688,500.565476,174.040000,480.060000
180.233809,462.639550,223.658688,500.565476,173.920000,480.040000
179.544526,462.639550,223.658688,500.565476,173.810000,480.060000
178.855242,462.639550,223.658688,500.565476,173.710000,480.080000
178.855242,462.639550,223.658688,500.565476,173.560000,480.090000
178.855242,462.639550,223.658688,500.565476,172.930000,480.130000
178.855242,463.368894,223.658688,500.565476,172.320000,480.200000
178.855242,463.368894,223.658688,500.565476,172.190000,480.210000
178.855242,463.368894,222.969404,502.753510,172.120000,480.230000
178.855242,464.098239,222.969404,502.753510,172.020000,480.240000
178.855242,464.098239,222.969404,502.753510,171.940000,480.250000
178.855242,464.098239,222.280121,504.212199,171.860000,480.260000
178.855242,464.098239,221.590837,505.670889,170.583836,480.143823
178.855242,464.098239,221.590837,505.670889,170.500000,480.030000
178.855242,464.098239,221.590837,505.670889,170.300000,480.100000
178.855242,464.098239,221.590837,505.670889,170.230000,480.090000
178.855242,464.098239,221.590837,505.670889,170.180000,480.110000
178.855242,464.098239,221.590837,505.670889,170.160000,480.120000
178.855242,464.098239,221.590837,506.400233,170.160000,480.170000
178.855242,464.098239,221.590837,506.400233,170.150000,480.190000
178.855242,464.098239,220.901553,508.588268,170.120000,480.220000
178.855242,464.098239,220.901553,508.588268,170.090000,480.330000
178.165958,464.827584,220.901553,508.588268,170.110000,480.390000
178.165958,465.556929,220.901553,508.588268,170.080000,480.560000
178.165958,466.286273,219.522985,508.588268,170.050000,481.130000
178.165958,466.286273,219.522985,508.588268,170.030000,481.890000
178.165958,466.286273,219.522985,509.317612,169.894553,481.602513
178.165958,466.286273,219.522985,509.317612,170.030000,482.110000
178.165958,466.286273,219.522985,509.317612,170.070000,482.210000
178.165958,467.015618,219.522985,509.317612,170.090000,482.390000
178.165958,467.744963,218.833702,509.317612,170.060000,483.020000
178.165958,468.474307,217.455134,510.046957,170.030000,483.560000
178.165958,469.203652,217.455134,510.046957,170.070000,483.750000
179.544526,469.932997,217.455134,510.046957,170.120000,483.860000
181.612377,469.932997,217.455134,510.046957,170.170000,483.970000
181.612377,469.932997,217.455134,510.046957,170.260000,484.090000
184.369512,472.121031,217.455134,510.046957,170.310000,484.190000
185.058796,472.850376,217.455134,510.046957,170.400000,484.220000
185.058796,472.850376,217.455134,510.046957,172.651688,485.249236
185.058796,472.850376,217.455134,510.046957,173.480000,485.320000
185.058796,472.850376,217.455134,510.046957,173.960000,485.340000
185.058796,472.850376,217.455134,510.046957,174.460000,484.990000
185.748080,474.309065,217.455134,510.046957,174.660000,485.050000
186.437364,475.038410,217.455134,510.046957,174.760000,485.070000
187.126647,476.497099,217.455134,510.046957,174.920000,485.160000
188.505215,477.955789,217.455134,510.046957,174.970000,485.210000
188.505215,477.955789,217.455134,510.046957,175.030000,485.210000
188.505215,478.685134,217.455134,510.046957,175.060000,485.140000
188.505215,478.685134,217.455134,510.046957,175.000000,485.100000
188.505215,478.685134,217.455134,510.776302,174.719539,484.519891
188.505215,478.685134,217.455134,512.234991,174.710000,484.910000
188.505215,478.685134,217.455134,512.234991,175.140000,485.110000
188.505215,478.685134,217.455134,512.964336,175.290000,485.170000
189.194499,480.143823,217.455134,513.693681,175.470000,485.390000
189.194499,480.143823,217.455134,514.423025,176.150000,486.440000
189.883782,480.873168,217.455134,514.423025,176.930000,487.260000
189.883782,481.602513,216.765850,514.423025,177.690000,487.950000
190.573066,481.602513,216.076567,515.881715,177.780000,488.820000
190.573066,482.331857,215.387283,515.881715,179.544526,489.625305
190.573066,483.790547,215.387283,515.881715,180.680000,490.490000
190.573066,484.519891,215.387283,515.881715,181.160000,491.300000
190.573066,485.978581,215.387283,515.881715,181.510000,492.160000
190.573066,485.978581,215.387283,515.881715,181.680000,493.020000
189.883782,486.707926,215.387283,515.881715,181.810000,493.920000
189.883782,487.437270,215.387283,515.881715,181.920000,494.690000
189.883782,488.895960,215.387283,515.881715,181.940000,495.090000
189.883782,489.625305,215.387283,515.881715,181.990000,495.910000
189.883782,491.083994,215.387283,515.881715,181.612377,499.836131
189.883782,492.542683,215.387283,515.881715,181.750000,500.910000
190.573066,493.272028,215.387283,515.881715,182.230000,501.800000
190.573066,493.272028,214.697999,516.611060,183.040000,502.880000
190.573066,494.001373,214.697999,516.611060,183.890000,503.990000
190.573066,494.001373,214.697999,516.611060,184.630000,504.930000
190.573066,495.460062,214.697999,516.611060,184.790000,505.790000
190.573066,495.460062,214.697999,516.611060,186.437364,507.858923
192.640918,496.918752,214.697999,516.611060,186.610000,508.740000
192.640918,496.918752,214.697999,516.611060,186.750000,509.330000
194.019485,497.648097,214.697999,516.611060,187.030000,510.000000
194.019485,497.648097,214.697999,516.611060,187.240000,510.690000
194.019485,497.648097,214.697999,516.611060,187.420000,511.150000
194.019485,497.648097,214.697999,516.611060,188.190000,511.790000
194.019485,497.648097,214.697999,516.611060,189.000000,512.230000
194.019485,498.377441,214.697999,516.611060,189.860000,512.880000
194.019485,499.106786,214.697999,516.611060,190.620000,513.330000
194.019485,499.106786,214.697999,516.611060,190.860000,513.930000
194.019485,499.106786,214.697999,516.611060,191.020000,514.340000
194.019485,499.106786,214.697999,516.611060,191.260000,514.680000
191.262350,499.106786,214.697999,516.611060,191.430000,515.020000
191.262350,501.294820,214.697999,516.611060,192.290000,515.440000
191.262350,502.753510,214.697999,516.611060,193.200000,515.930000
191.262350,502.753510,214.697999,516.611060,194.150000,516.410000
191.262350,502.753510,214.697999,516.611060,195.030000,517.010000
191.262350,502.753510,214.697999,516.611060,195.930000,517.550000
193.330201,504.941544,214.697999,516.611060,196.630000,517.950000
193.330201,504.941544,214.697999,516.611060,196.880000,518.230000
193.330201,504.941544,214.697999,516.611060,197.120000,518.620000
193.330201,504.941544,214.697999,516.611060,197.330000,518.920000
194.708769,505.670889,214.697999,516.611060,198.100000,519.240000
195.398053,506.400233,214.697999,516.611060,198.940000,519.810000
195.398053,506.400233,214.008715,516.611060,199.930000,520.340000
198.844472,507.858923,214.008715,517.340404,200.880000,520.920000
199.533756,509.317612,214.008715,517.340404,201.780000,521.260000
199.533756,509.317612,214.008715,517.340404,202.750000,521.860000
199.533756,509.317612,214.008715,517.340404,203.460000,522.140000
199.533756,509.317612,214.008715,517.340404,204.358742,522.445817
200.223039,509.317612,214.008715,517.340404,204.358742,522.445817
200.912323,509.317612,214.008715,517.340404,204.358742,522.445817
200.912323,509.317612,214.008715,517.340404,204.358742,522.445817
200.912323,509.317612,214.008715,517.340404,204.358742,522.445817
200.912323,509.317612,214.008715,517.340404,204.358742,522.445817
203.669458,509.317612,214.008715,517.340404,205.048026,521.716473
204.358742,509.317612,214.008715,517.340404,206.426593,521.716473
205.048026,510.046957,214.008715,517.340404,206.426593,521.716473
205.737310,510.776302,214.008715,517.340404,207.115877,521.716473
205.737310,510.776302,214.008715,517.340404,208.494445,522.445817
206.426593,510.776302,214.008715,517.340404,209.183729,522.445817
207.115877,510.776302,214.008715,517.340404,209.873012,522.445817
207.805161,510.776302,214.008715,517.340404,209.873012,522.445817
207.805161,510.776302,214.008715,517.340404,209.873012,522.445817
209.873012,512.234991,214.008715,517.340404,210.562296,522.445817
209.873012,512.234991,214.008715,517.340404,211.940864,522.445817
210.562296,512.234991,214.008715,517.340404,211.940864,522.445817
213.319431,512.964336,214.008715,517.340404,213.319431,523.175162
214.697999,512.964336,214.008715,517.340404,214.008715,523.904507
216.076567,512.964336,214.008715,517.340404,214.008715,523.904507
216.765850,512.964336,214.008715,517.340404,216.076567,524.633852
218.833702,514.423025,214.008715,517.340404,216.765850,524.633852
218.833702,514.423025,214.008715,517.340404,216.765850,524.633852
220.901553,515.152370,214.008715,517.340404,218.144418,525.363196
221.590837,515.152370,214.008715,517.340404,218.144418,525.363196
222.280121,515.152370,214.008715,517.340404,218.144418,525.363196
225.726540,516.611060,214.697999,518.799094,218.144418,525.363196
226.415823,516.611060,213.319431,518.799094,218.144418,525.363196
226.415823,516.611060,213.319431,518.799094,218.833702,525.363196
226.415823,516.611060,213.319431,518.799094,218.833702,525.363196
226.415823,516.611060,213.319431,518.799094,218.833702,525.363196
226.415823,516.611060,213.319431,518.799094,NaN,NaN
227.105107,516.611060,213.319431,518.799094,NaN,NaN
227.105107,516.611060,213.319431,518.799094,NaN,NaN
227.105107,516.611060,213.319431,518.799094,NaN,NaN
NaN,NaN,213.319431,519.528438,NaN,NaN
NaN,NaN,213.319431,520.257783,NaN,NaN
NaN,NaN,213.319431,520.257783,NaN,NaN
NaN,NaN,213.319431,520.257783,NaN,NaN
NaN,NaN,213.319431,520.257783,NaN,NaN
NaN,NaN,213.319431,520.257783,NaN,NaN
NaN,NaN,213.319431,520.257783,NaN,NaN
NaN,NaN,213.319431,520.257783,NaN,NaN
NaN,NaN,213.319431,520.257783,NaN,NaN
NaN,NaN,213.319431,520.257783,NaN,NaN
NaN,NaN,213.319431,520.987128,NaN,NaN
NaN,NaN,213.319431,520.987128,NaN,NaN
NaN,NaN,213.319431,520.987128,NaN,NaN
NaN,NaN,213.319431,520.987128,NaN,NaN
NaN,NaN,213.319431,520.987128,NaN,NaN
NaN,NaN,213.319431,520.987128,NaN,NaN
NaN,NaN,213.319431,520.987128,NaN,NaN
NaN,NaN,213.319431,520.987128,NaN,NaN
NaN,NaN,213.319431,520.987128,NaN,NaN
NaN,NaN,213.319431,520.987128,NaN,NaN
NaN,NaN,213.319431,520.987128,NaN,NaN
NaN,NaN,213.319431,520.987128,NaN,NaN
NaN,NaN,213.319431,520.987128,NaN,NaN
NaN,NaN,213.319431,520.987128,NaN,NaN
NaN,NaN,213.319431,520.987128,NaN,NaN
NaN,NaN,213.319431,520.987128,NaN,NaN
NaN,NaN,213.319431,520.987128,NaN,NaN
NaN,NaN,213.319431,520.987128,NaN,NaN
NaN,NaN,213.319431,520.987128,NaN,NaN
NaN,NaN,213.319431,520.987128,NaN,NaN
NaN,NaN,213.319431,520.987128,NaN,NaN
NaN,NaN,213.319431,520.987128,NaN,NaN
NaN,NaN,213.319431,520.987128,NaN,NaN
NaN,NaN,213.319431,520.987128,NaN,NaN
NaN,NaN,213.319431,520.987128,NaN,NaN
NaN,NaN,213.319431,520.987128,NaN,NaN
NaN,NaN,213.319431,520.987128,NaN,NaN
NaN,NaN,213.319431,520.987128,NaN,NaN
NaN,NaN,213.319431,520.987128,NaN,NaN
NaN,NaN,213.319431,520.987128,NaN,NaN
NaN,NaN,213.319431,520.987128,NaN,NaN
NaN,NaN,213.319431,520.987128,NaN,NaN
NaN,NaN,213.319431,520.987128,NaN,NaN
NaN,NaN,213.319431,520.987128,NaN,NaN
NaN,NaN,213.319431,520.987128,NaN,NaN
NaN,NaN,213.319431,520.987128,NaN,NaN
NaN,NaN,213.319431,520.987128,NaN,NaN
NaN,NaN,213.319431,520.987128,NaN,NaN
NaN,NaN,213.319431,520.987128,NaN,NaN
NaN,NaN,213.319431,520.987128,NaN,NaN
NaN,NaN,213.319431,520.987128,NaN,NaN
NaN,NaN,213.319431,520.987128,NaN,NaN
NaN,NaN,213.319431,520.987128,NaN,NaN
NaN,NaN,213.319431,520.987128,NaN,NaN
NaN,NaN,213.319431,520.987128,NaN,NaN
NaN,NaN,213.319431,520.987128,NaN,NaN
NaN,NaN,213.319431,520.987128,NaN,NaN
NaN,NaN,213.319431,520.987128,NaN,NaN
NaN,NaN,213.319431,520.987128,NaN,NaN
NaN,NaN,213.319431,520.987128,NaN,NaN
NaN,NaN,213.319431,520.987128,NaN,NaN
NaN,NaN,213.319431,520.987128,NaN,NaN
NaN,NaN,213.319431,520.987128,NaN,NaN
NaN,NaN,213.319431,520.987128,NaN,NaN
NaN,NaN,213.319431,520.987128,NaN,NaN
NaN,NaN,213.319431,520.987128,NaN,NaN
NaN,NaN,213.319431,520.987128,NaN,NaN
NaN,NaN,213.319431,520.987128,NaN,NaN
NaN,NaN,213.319431,520.987128,NaN,NaN
NaN,NaN,213.319431,520.987128,NaN,NaN
NaN,NaN,213.319431,520.987128,NaN,NaN
NaN,NaN,213.319431,520.987128,NaN,NaN
NaN,NaN,213.319431,520.987128,NaN,NaN
NaN,NaN,213.319431,520.987128,NaN,NaN
NaN,NaN,213.319431,520.987128,NaN,NaN
NaN,NaN,213.319431,520.987128,NaN,NaN
NaN,NaN,213.319431,520.987128,NaN,NaN
NaN,NaN,213.319431,520.987128,NaN,NaN
NaN,NaN,213.319431,520.987128,NaN,NaN
NaN,NaN,213.319431,520.987128,NaN,NaN
NaN,NaN,213.319431,520.987128,NaN,NaN
NaN,NaN,213.319431,520.987128,NaN,NaN
NaN,NaN,213.319431,520.987128,NaN,NaN
NaN,NaN,213.319431,520.987128,NaN,NaN
NaN,NaN,213.319431,520.987128,NaN,NaN
NaN,NaN,213.319431,520.987128,NaN,NaN
NaN,NaN,213.319431,520.987128,NaN,NaN
NaN,NaN,213.319431,520.987128,NaN,NaN
NaN,NaN,213.319431,520.987128,NaN,NaN
NaN,NaN,213.319431,520.987128,NaN,NaN
NaN,NaN,213.319431,520.987128,NaN,NaN
NaN,NaN,213.319431,520.987128,NaN,NaN
NaN,NaN,213.319431,520.987128,NaN,NaN
NaN,NaN,213.319431,520.987128,NaN,NaN
NaN,NaN,213.319431,520.987128,NaN,NaN
NaN,NaN,213.319431,520.987128,NaN,NaN
NaN,NaN,213.319431,520.987128,NaN,NaN
NaN,NaN,213.319431,520.987128,NaN,NaN
NaN,NaN,213.319431,520.987128,NaN,NaN
NaN,NaN,213.319431,520.987128,NaN,NaN
NaN,NaN,213.319431,520.987128,NaN,NaN
NaN,NaN,213.319431,520.987128,NaN,NaN
NaN,NaN,213.319431,520.987128,NaN,NaN
NaN,NaN,213.319431,520.987128,NaN,NaN
NaN,NaN,213.319431,520.987128,NaN,NaN
NaN,NaN,213.319431,520.987128,NaN,NaN
NaN,NaN,213.319431,520.987128,NaN,NaN
NaN,NaN,213.319431,520.987128,NaN,NaN
NaN,NaN,213.319431,520.987128,NaN,NaN
NaN,NaN,213.319431,520.987128,NaN,NaN
NaN,NaN,213.319431,520.987128,NaN,NaN
NaN,NaN,213.319431,520.987128,NaN,NaN
NaN,NaN,213.319431,520.987128,NaN,NaN
NaN,NaN,213.319431,520.987128,NaN,NaN
NaN,NaN,213.319431,520.987128,NaN,NaN
NaN,NaN,213.319431,520.987128,NaN,NaN
NaN,NaN,213.319431,520.987128,NaN,NaN
NaN,NaN,213.319431,520.987128,NaN,NaN
NaN,NaN,213.319431,520.987128,NaN,NaN
NaN,NaN,213.319431,520.987128,NaN,NaN
NaN,NaN,213.319431,520.987128,NaN,NaN
NaN,NaN,213.319431,520.987128,NaN,NaN
NaN,NaN,213.319431,520.987128,NaN,NaN
NaN,NaN,213.319431,520.987128,NaN,NaN
NaN,NaN,213.319431,520.987128,NaN,NaN
NaN,NaN,213.319431,520.987128,NaN,NaN
NaN,NaN,213.319431,520.987128,NaN,NaN
NaN,NaN,213.319431,520.987128,NaN,NaN
NaN,NaN,213.319431,520.987128,NaN,NaN
NaN,NaN,213.319431,520.987128,NaN,NaN
NaN,NaN,213.319431,520.987128,NaN,NaN
NaN,NaN,213.319431,520.987128,NaN,NaN
NaN,NaN,213.319431,520.987128,NaN,NaN
NaN,NaN,213.319431,520.987128,NaN,NaN
NaN,NaN,213.319431,520.987128,NaN,NaN
NaN,NaN,213.319431,520.987128,NaN,NaN
NaN,NaN,213.319431,520.987128,NaN,NaN
NaN,NaN,213.319431,520.987128,NaN,NaN
NaN,NaN,213.319431,520.987128,NaN,NaN
NaN,NaN,213.319431,520.987128,NaN,NaN
NaN,NaN,213.319431,520.987128,NaN,NaN
NaN,NaN,213.319431,520.987128,NaN,NaN
NaN,NaN,213.319431,520.987128,NaN,NaN
NaN,NaN,213.319431,520.987128,NaN,NaN
NaN,NaN,213.319431,520.987128,NaN,NaN
NaN,NaN,213.319431,520.987128,NaN,NaN
NaN,NaN,213.319431,520.987128,NaN,NaN
NaN,NaN,216.076567,520.987128,NaN,NaN
NaN,NaN,216.076567,520.987128,NaN,NaN
NaN,NaN,216.076567,520.987128,NaN,NaN
NaN,NaN,216.076567,520.987128,NaN,NaN
NaN,NaN,216.076567,520.987128,NaN,NaN
NaN,NaN,216.076567,520.987128,NaN,NaN
NaN,NaN,216.076567,520.987128,NaN,NaN
NaN,NaN,216.076567,520.987128,NaN,NaN
NaN,NaN,216.076567,520.987128,NaN,NaN
NaN,NaN,216.076567,520.987128,NaN,NaN
NaN,NaN,216.076567,520.987128,NaN,NaN
NaN,NaN,216.076567,520.987128,NaN,NaN
NaN,NaN,216.076567,520.987128,NaN,NaN
NaN,NaN,216.765850,521.716473,NaN,NaN
NaN,NaN,216.765850,521.716473,NaN,NaN
NaN,NaN,216.765850,521.716473,NaN,NaN
NaN,NaN,216.765850,521.716473,NaN,NaN
NaN,NaN,216.765850,521.716473,NaN,NaN
NaN,NaN,216.765850,521.716473,NaN,NaN
NaN,NaN,216.765850,521.716473,NaN,NaN
NaN,NaN,216.765850,521.716473,NaN,NaN
NaN,NaN,216.765850,521.716473,NaN,NaN
NaN,NaN,216.765850,521.716473,NaN,NaN
NaN,NaN,216.765850,521.716473,NaN,NaN
NaN,NaN,216.765850,521.716473,NaN,NaN
NaN,NaN,217.455134,521.716473,NaN,NaN
NaN,NaN,218.144418,521.716473,NaN,NaN
NaN,NaN,218.144418,521.716473,NaN,NaN
NaN,NaN,218.144418,521.716473,NaN,NaN
NaN,NaN,218.144418,521.716473,NaN,NaN
NaN,NaN,218.144418,521.716473,NaN,NaN
NaN,NaN,218.144418,521.716473,NaN,NaN
NaN,NaN,218.144418,521.716473,NaN,NaN
NaN,NaN,218.144418,521.716473,NaN,NaN
NaN,NaN,218.144418,521.716473,NaN,NaN
NaN,NaN,218.144418,521.716473,NaN,NaN
NaN,NaN,218.144418,521.716473,NaN,NaN
NaN,NaN,218.144418,521.716473,NaN,NaN
NaN,NaN,219.522985,521.716473,NaN,NaN
NaN,NaN,219.522985,521.716473,NaN,NaN
NaN,NaN,219.522985,521.716473,NaN,NaN
NaN,NaN,219.522985,521.716473,NaN,NaN
NaN,NaN,219.522985,521.716473,NaN,NaN
NaN,NaN,219.522985,521.716473,NaN,NaN
NaN,NaN,219.522985,521.716473,NaN,NaN
NaN,NaN,219.522985,521.716473,NaN,NaN
NaN,NaN,219.522985,521.716473,NaN,NaN
NaN,NaN,219.522985,521.716473,NaN,NaN
NaN,NaN,219.522985,521.716473,NaN,NaN
NaN,NaN,221.590837,521.716473,NaN,NaN
NaN,NaN,221.590837,521.716473,NaN,NaN
NaN,NaN,222.280121,521.716473,NaN,NaN
NaN,NaN,222.280121,521.716473,NaN,NaN
NaN,NaN,222.280121,521.716473,NaN,NaN
NaN,NaN,222.969404,521.716473,NaN,NaN
NaN,NaN,223.658688,521.716473,NaN,NaN
NaN,NaN,223.658688,521.716473,NaN,NaN
NaN,NaN,223.658688,521.716473,NaN,NaN
NaN,NaN,223.658688,521.716473,NaN,NaN
NaN,NaN,223.658688,521.716473,NaN,NaN
NaN,NaN,223.658688,521.716473,NaN,NaN
NaN,NaN,223.658688,521.716473,NaN,NaN
NaN,NaN,223.658688,521.716473,NaN,NaN
NaN,NaN,223.658688,521.716473,NaN,NaN
NaN,NaN,223.658688,521.716473,NaN,NaN
NaN,NaN,223.658688,521.716473,NaN,NaN
NaN,NaN,223.658688,521.716473,NaN,NaN
NaN,NaN,223.658688,521.716473,NaN,NaN
NaN,NaN,223.658688,521.716473,NaN,NaN
NaN,NaN,223.658688,521.716473,NaN,NaN
NaN,NaN,223.658688,521.716473,NaN,NaN
NaN,NaN,223.658688,521.716473,NaN,NaN
NaN,NaN,223.658688,521.716473,NaN,NaN
NaN,NaN,223.658688,521.716473,NaN,NaN
NaN,NaN,223.658688,521.716473,NaN,NaN
NaN,NaN,223.658688,521.716473,NaN,NaN
NaN,NaN,223.658688,521.716473,NaN,NaN
NaN,NaN,223.658688,521.716473,NaN,NaN
NaN,NaN,223.658688,521.716473,NaN,NaN
NaN,NaN,223.658688,521.716473,NaN,NaN
NaN,NaN,223.658688,521.716473,NaN,NaN
NaN,NaN,223.658688,521.716473,NaN,NaN
NaN,NaN,223.658688,521.716473,NaN,NaN
NaN,NaN,223.658688,521.716473,NaN,NaN
NaN,NaN,223.658688,521.716473,NaN,NaN
NaN,NaN,223.658688,521.716473,NaN,NaN
NaN,NaN,223.658688,521.716473,NaN,NaN
NaN,NaN,223.658688,521.716473,NaN,NaN
NaN,NaN,223.658688,521.716473,NaN,NaN
NaN,NaN,223.658688,521.716473,NaN,NaN
NaN,NaN,223.658688,521.716473,NaN,NaN
NaN,NaN,223.658688,521.716473,NaN,NaN
NaN,NaN,223.658688,521.716473,NaN,NaN
NaN,NaN,223.658688,521.716473,NaN,NaN
NaN,NaN,223.658688,521.716473,NaN,NaN
NaN,NaN,223.658688,521.716473,NaN,NaN
NaN,NaN,223.658688,521.716473,NaN,NaN
NaN,NaN,223.658688,520.987128,NaN,NaN
NaN,NaN,223.658688,520.987128,NaN,NaN
NaN,NaN,223.658688,520.987128,NaN,NaN
NaN,NaN,223.658688,520.987128,NaN,NaN
NaN,NaN,223.658688,520.987128,NaN,NaN
NaN,NaN,223.658688,520.987128,NaN,NaN
NaN,NaN,223.658688,520.987128,NaN,NaN
NaN,NaN,223.658688,520.987128,NaN,NaN
NaN,NaN,224.347972,520.257783,NaN,NaN
NaN,NaN,224.347972,520.257783,NaN,NaN
NaN,NaN,224.347972,520.257783,NaN,NaN
NaN,NaN,226.415823,518.799094,NaN,NaN
NaN,NaN,226.010000,518.750000,NaN,NaN
NaN,NaN,226.010000,518.710000,NaN,NaN
NaN,NaN,226.040000,518.980000,NaN,NaN
NaN,NaN,226.060000,518.970000,NaN,NaN
NaN,NaN,226.080000,518.970000,NaN,NaN
NaN,NaN,226.100000,518.970000,NaN,NaN
NaN,NaN,226.120000,518.950000,NaN,NaN
NaN,NaN,226.130000,518.940000,NaN,NaN
NaN,NaN,226.160000,518.930000,NaN,NaN
NaN,NaN,226.180000,518.930000,NaN,NaN
NaN,NaN,226.190000,518.920000,NaN,NaN
NaN,NaN,226.200000,518.920000,NaN,NaN
NaN,NaN,226.210000,518.920000,NaN,NaN
NaN,NaN,226.210000,518.920000,NaN,NaN
NaN,NaN,226.220000,518.910000,NaN,NaN
NaN,NaN,226.230000,518.900000,NaN,NaN
NaN,NaN,226.230000,518.900000,NaN,NaN
NaN,NaN,226.250000,518.900000,NaN,NaN
NaN,NaN,226.250000,518.890000,NaN,NaN
NaN,NaN,226.250000,518.890000,NaN,NaN
NaN,NaN,226.250000,518.890000,NaN,NaN
NaN,NaN,226.270000,518.890000,NaN,NaN
NaN,NaN,226.270000,518.890000,NaN,NaN
NaN,NaN,226.300000,518.890000,NaN,NaN
NaN,NaN,226.290000,518.880000,NaN,NaN
NaN,NaN,226.290000,518.880000,NaN,NaN
NaN,NaN,226.290000,518.880000,NaN,NaN
NaN,NaN,226.300000,518.880000,NaN,NaN
NaN,NaN,226.300000,518.880000,NaN,NaN
NaN,NaN,226.310000,518.880000,NaN,NaN
NaN,NaN,226.310000,518.880000,NaN,NaN
NaN,NaN,226.310000,518.870000,NaN,NaN
NaN,NaN,226.310000,518.870000,NaN,NaN
NaN,NaN,226.320000,518.880000,NaN,NaN
NaN,NaN,226.320000,518.880000,NaN,NaN
NaN,NaN,226.320000,518.870000,NaN,NaN
NaN,NaN,226.330000,518.880000,NaN,NaN
NaN,NaN,226.310000,518.870000,NaN,NaN
NaN,NaN,226.330000,518.870000,NaN,NaN
NaN,NaN,226.330000,518.860000,NaN,NaN
NaN,NaN,226.320000,518.860000,NaN,NaN
NaN,NaN,226.340000,518.860000,NaN,NaN
NaN,NaN,226.340000,518.860000,NaN,NaN
NaN,NaN,226.330000,518.850000,NaN,NaN
NaN,NaN,226.330000,518.860000,NaN,NaN
NaN,NaN,226.340000,518.850000,NaN,NaN
NaN,NaN,226.340000,518.860000,NaN,NaN
NaN,NaN,226.330000,518.860000,NaN,NaN
NaN,NaN,226.340000,518.860000,NaN,NaN
NaN,NaN,226.340000,518.860000,NaN,NaN
NaN,NaN,226.330000,518.860000,NaN,NaN
NaN,NaN,226.330000,518.860000,NaN,NaN
NaN,NaN,226.340000,518.860000,NaN,NaN
NaN,NaN,226.350000,518.850000,NaN,NaN
NaN,NaN,226.350000,518.860000,NaN,NaN
NaN,NaN,226.340000,518.850000,NaN,NaN
NaN,NaN,226.330000,518.850000,NaN,NaN
NaN,NaN,226.340000,518.860000,NaN,NaN
NaN,NaN,226.340000,518.850000,NaN,NaN
NaN,NaN,226.340000,518.850000,NaN,NaN
NaN,NaN,226.340000,518.840000,NaN,NaN
NaN,NaN,226.330000,518.850000,NaN,NaN
NaN,NaN,226.330000,518.850000,NaN,NaN
NaN,NaN,226.340000,518.860000,NaN,NaN
NaN,NaN,226.340000,518.860000,NaN,NaN
NaN,NaN,226.340000,518.850000,NaN,NaN
NaN,NaN,226.340000,518.850000,NaN,NaN
NaN,NaN,226.340000,518.860000,NaN,NaN
NaN,NaN,226.340000,518.870000,NaN,NaN
NaN,NaN,226.350000,518.870000,NaN,NaN
NaN,NaN,226.340000,518.860000,NaN,NaN
NaN,NaN,226.340000,518.860000,NaN,NaN
NaN,NaN,226.330000,518.860000,NaN,NaN
NaN,NaN,226.320000,518.860000,NaN,NaN
NaN,NaN,226.320000,518.860000,NaN,NaN
NaN,NaN,226.320000,518.860000,NaN,NaN
NaN,NaN,226.320000,518.860000,NaN,NaN
NaN,NaN,226.330000,518.860000,NaN,NaN
NaN,NaN,226.320000,518.860000,NaN,NaN
NaN,NaN,226.310000,518.850000,NaN,NaN
NaN,NaN,226.310000,518.860000,NaN,NaN
NaN,NaN,226.300000,518.860000,NaN,NaN
NaN,NaN,226.300000,518.850000,NaN,NaN
NaN,NaN,226.300000,518.860000,NaN,NaN
NaN,NaN,226.300000,518.860000,NaN,NaN
NaN,NaN,226.290000,518.850000,NaN,NaN
NaN,NaN,226.290000,518.850000,NaN,NaN
NaN,NaN,226.290000,518.850000,NaN,NaN
NaN,NaN,226.290000,518.850000,NaN,NaN
NaN,NaN,226.270000,518.850000,NaN,NaN
NaN,NaN,226.270000,518.850000,NaN,NaN
NaN,NaN,226.270000,518.850000,NaN,NaN
NaN,NaN,NaN,NaN,NaN,NaN
NaN,NaN,NaN,NaN,NaN,NaN
NaN,NaN,NaN,NaN,NaN,NaN
NaN,NaN,NaN,NaN,NaN,NaN
NaN,NaN,NaN,NaN,NaN,NaN
NaN,NaN,NaN,NaN,NaN,NaN
NaN,NaN,NaN,NaN,NaN,NaN
NaN,NaN,NaN,NaN,NaN,NaN
NaN,NaN,NaN,NaN,NaN,NaN
NaN,NaN,NaN,NaN,NaN,NaN
NaN,NaN,NaN,NaN,NaN,NaN
NaN,NaN,NaN,NaN,NaN,NaN
NaN,NaN,NaN,NaN,NaN,NaN
NaN,NaN,NaN,NaN,NaN,NaN
NaN,NaN,NaN,NaN,NaN,NaN
NaN,NaN,NaN,NaN,NaN,NaN
NaN,NaN,NaN,NaN,NaN,NaN
NaN,NaN,NaN,NaN,NaN,NaN
NaN,NaN,NaN,NaN,NaN,NaN
NaN,NaN,NaN,NaN,NaN,NaN
NaN,NaN,NaN,NaN,NaN,NaN
NaN,NaN,NaN,NaN,NaN,NaN
NaN,NaN,NaN,NaN,NaN,NaN
NaN,NaN,NaN,NaN,NaN,NaN
NaN,NaN,NaN,NaN,NaN,NaN
NaN,NaN,NaN,NaN,NaN,NaN
NaN,NaN,NaN,NaN,NaN,NaN
NaN,NaN,NaN,NaN,NaN,NaN
NaN,NaN,NaN,NaN,NaN,NaN
NaN,NaN,NaN,NaN,NaN,NaN
NaN,NaN,NaN,NaN,NaN,NaN
NaN,NaN,NaN,NaN,NaN,NaN
NaN,NaN,NaN,NaN,NaN,NaN
NaN,NaN,NaN,NaN,NaN,NaN
NaN,NaN,NaN,NaN,NaN,NaN
NaN,NaN,NaN,NaN,NaN,NaN
NaN,NaN,NaN,NaN,NaN,NaN
NaN,NaN,NaN,NaN,NaN,NaN
NaN,NaN,NaN,NaN,NaN,NaN
NaN,NaN,NaN,NaN,NaN,NaN
NaN,NaN,NaN,NaN,NaN,NaN
NaN,NaN,NaN,NaN,NaN,NaN
NaN,NaN,NaN,NaN,NaN,NaN
NaN,NaN,NaN,NaN,NaN,NaN
NaN,NaN,NaN,NaN,NaN,NaN
NaN,NaN,NaN,NaN,NaN,NaN
NaN,NaN,NaN,NaN,NaN,NaN
NaN,NaN,NaN,NaN,NaN,NaN
NaN,NaN,NaN,NaN,NaN,NaN
NaN,NaN,NaN,NaN,NaN,NaN
NaN,NaN,NaN,NaN,NaN,NaN
NaN,NaN,NaN,NaN,NaN,NaN
NaN,NaN,NaN,NaN,NaN,NaN
NaN,NaN,NaN,NaN,NaN,NaN
NaN,NaN,NaN,NaN,NaN,NaN
NaN,NaN,NaN,NaN,NaN,NaN
NaN,NaN,NaN,NaN,NaN,NaN
NaN,NaN,NaN,NaN,NaN,NaN
NaN,NaN,NaN,NaN,NaN,NaN
NaN,NaN,NaN,NaN,NaN,NaN
NaN,NaN,NaN,NaN,NaN,NaN
NaN,NaN,NaN,NaN,NaN,NaN
NaN,NaN,NaN,NaN,NaN,NaN
NaN,NaN,NaN,NaN,NaN,NaN
NaN,NaN,NaN,NaN,NaN,NaN
NaN,NaN,NaN,NaN,NaN,NaN
NaN,NaN,NaN,NaN,NaN,NaN
NaN,NaN,NaN,NaN,NaN,NaN
NaN,NaN,NaN,NaN,NaN,NaN
NaN,NaN,NaN,NaN,NaN,NaN
NaN,NaN,NaN,NaN,NaN,NaN
NaN,NaN,NaN,NaN,NaN,NaN
NaN,NaN,NaN,NaN,NaN,NaN
NaN,NaN,NaN,NaN,NaN,NaN
NaN,NaN,NaN,NaN,NaN,NaN
NaN,NaN,NaN,NaN,NaN,NaN
NaN,NaN,NaN,NaN,NaN,NaN
NaN,NaN,NaN,NaN,NaN,NaN
NaN,NaN,NaN,NaN,NaN,NaN
NaN,NaN,NaN,NaN,NaN,NaN
NaN,NaN,NaN,NaN,NaN,NaN
NaN,NaN,NaN,NaN,NaN,NaN
NaN,NaN,NaN,NaN,NaN,NaN
NaN,NaN,NaN,NaN,NaN,NaN
NaN,NaN,NaN,NaN,NaN,NaN
NaN,NaN,NaN,NaN,NaN,NaN
NaN,NaN,NaN,NaN,NaN,NaN
NaN,NaN,NaN,NaN,NaN,NaN
NaN,NaN,NaN,NaN,NaN,NaN
NaN,NaN,NaN,NaN,NaN,NaN
NaN,NaN,NaN,NaN,NaN,NaN
NaN,NaN,NaN,NaN,NaN,NaN
NaN,NaN,NaN,NaN,NaN,NaN
NaN,NaN,NaN,NaN,NaN,NaN
NaN,NaN,NaN,NaN,NaN,NaN
NaN,NaN,NaN,NaN,NaN,NaN
NaN,NaN,NaN,NaN,NaN,NaN
NaN,NaN,NaN,NaN,NaN,NaN
NaN,NaN,NaN,NaN,NaN,NaN
NaN,NaN,NaN,NaN,NaN,NaN
NaN,NaN,NaN,NaN,NaN,NaN
NaN,NaN,NaN,NaN,NaN,NaN
NaN,NaN,NaN,NaN,NaN,NaN
NaN,NaN,NaN,NaN,NaN,NaN
NaN,NaN,NaN,NaN,NaN,NaN
NaN,NaN,NaN,NaN,NaN,NaN
NaN,NaN,NaN,NaN,NaN,NaN
NaN,NaN,NaN,NaN,NaN,NaN
NaN,NaN,NaN,NaN,NaN,NaN
NaN,NaN,NaN,NaN,NaN,NaN
NaN,NaN,NaN,NaN,NaN,NaN
NaN,NaN,NaN,NaN,NaN,NaN
NaN,NaN,NaN,NaN,NaN,NaN
NaN,NaN,NaN,NaN,NaN,NaN
NaN,NaN,NaN,NaN,NaN,NaN
NaN,NaN,NaN,NaN,NaN,NaN
NaN,NaN,NaN,NaN,NaN,NaN
NaN,NaN,NaN,NaN,NaN,NaN
NaN,NaN,NaN,NaN,NaN,NaN
NaN,NaN,NaN,NaN,NaN,NaN
NaN,NaN,NaN,NaN,NaN,NaN
NaN,NaN,NaN,NaN,NaN,NaN
